"tract","density_q","distance_to_centroid"
"25001010100","Q1_low",4.93142497445018
"25001010206","Q1_low",4.62008287116211
"25001010208","Q1_low",5.77736555775518
"25001010304","Q1_low",4.5845040188574
"25001010306","Q1_low",4.16484423992703
"25001010400","Q2",3.71924229833808
"25001010500","Q1_low",5.69234265979279
"25001010600","Q1_low",5.53435135469036
"25001010700","Q1_low",4.02053251052619
"25001010800","Q1_low",5.55189068464861
"25001010900","Q1_low",6.5809980249684
"25001011002","Q1_low",4.42910434594127
"25001011100","Q1_low",5.47931263627927
"25001011200","Q1_low",7.78884189119091
"25001011300","Q1_low",3.61615631151509
"25001011400","Q1_low",5.46174276425306
"25001011500","Q2",6.25498102002919
"25001011600","Q2",5.78895338810551
"25001011700","Q1_low",5.93374819635444
"25001011801","Q1_low",5.87660126066636
"25001011802","Q1_low",8.00602399635582
"25001012001","Q2",6.19074141538909
"25001012002","Q2",5.77705894817974
"25001012101","Q1_low",5.51024736644879
"25001012102","Q2",5.26752926040198
"25001012200","Q1_low",4.36888730445464
"25001012502","Q1_low",6.53069306822108
"25001012601","Q2",5.69822146612871
"25001012602","Q2",6.01318336241658
"25001012700","Q1_low",5.22639607753525
"25001012800","Q1_low",5.33183501395181
"25001012900","Q1_low",5.40044218265357
"25001013002","Q2",4.09661813662105
"25001013100","Q1_low",4.95315397140269
"25001013200","Q1_low",4.70369995314015
"25001013300","Q2",6.17674045235053
"25001013400","Q1_low",6.11570677347426
"25001013500","Q1_low",6.1025440056186
"25001013600","Q2",3.08804638952504
"25001013700","Q1_low",3.98286924699993
"25001013800","Q2",4.82727207213552
"25001013900","Q1_low",6.27183585073768
"25001014002","Q1_low",3.91167140532055
"25001014100","Q1_low",5.59290153163876
"25001014300","Q1_low",4.5221057530297
"25001014402","Q1_low",5.17964248486513
"25001014500","Q1_low",5.22556465447073
"25001014600","Q1_low",4.46513166421155
"25001014700","Q2",5.87820292498548
"25001014800","Q3",4.68263465520796
"25001014900","Q2",6.0751975142403
"25001015001","Q1_low",4.34895971535821
"25001015002","Q1_low",5.49737470219948
"25001015100","Q2",4.50921220744637
"25001015200","Q1_low",7.80083631822495
"25001015300","Q4_high",5.62378906581746
"25003900100","Q4_high",5.95957104580991
"25003900200","Q4_high",8.3424773459733
"25003900300","Q1_low",5.43355135205878
"25003900400","Q1_low",5.43366222555746
"25003900500","Q1_low",7.78356327620613
"25003900600","Q3",6.52942084268127
"25003900700","Q2",5.251842547246
"25003900800","Q1_low",5.43246101115067
"25003900900","Q3",5.90978192184632
"25003901100","Q2",7.49973596436719
"25003911100","Q1_low",4.57433244711503
"25003912100","Q1_low",4.15940792114054
"25003913100","Q1_low",5.92710792056773
"25003914100","Q1_low",5.10147081459131
"25003920101","Q1_low",7.45107471807164
"25003920102","Q1_low",7.90574264436348
"25003921300","Q1_low",4.17563595595508
"25003921400","Q1_low",7.2430759127072
"25003921500","Q1_low",4.22049861634103
"25003922100","Q2",5.49540582106662
"25003922200","Q1_low",6.36468494752118
"25003922300","Q1_low",4.74578123193387
"25003923100","Q1_low",6.18248755643835
"25003924100","Q1_low",7.26831822965287
"25003925101","Q1_low",5.32574386341244
"25003925102","Q1_low",6.14738494868957
"25003926100","Q1_low",7.06807772692898
"25003931100","Q1_low",8.08677259981459
"25003931400","Q1_low",6.00481974609038
"25003932200","Q1_low",7.08064875766436
"25003932300","Q1_low",3.42381822528462
"25003933200","Q1_low",3.89787486430742
"25003933300","Q1_low",4.72598804264707
"25003933400","Q1_low",4.96863703439996
"25003934200","Q1_low",5.1856877672092
"25003934300","Q1_low",5.19559580183551
"25003935100","Q1_low",6.0921492263586
"25003935200","Q3",6.19877379214086
"25003935300","Q3",7.04738971083179
"25005600100","Q1_low",5.82545048927902
"25005600202","Q2",5.98441624637029
"25005600203","Q1_low",5.17634495908053
"25005600204","Q1_low",5.65888423356698
"25005610100","Q3",3.84746708895295
"25005610202","Q3",7.57260493215635
"25005610203","Q1_low",2.9437818544434
"25005610204","Q2",7.06523757074319
"25005611101","Q1_low",6.95941204070497
"25005611102","Q1_low",5.78635509031266
"25005611201","Q1_low",5.76611943161537
"25005611202","Q2",6.65531287979799
"25005612100","Q2",6.39792963839074
"25005612201","Q1_low",4.23547526444753
"25005612202","Q2",5.00621324682197
"25005613100","Q3",10.0332228664798
"25005613300","Q1_low",6.31048468295284
"25005613400","Q1_low",5.52014048707957
"25005613600","Q2",6.03830157346117
"25005613700","Q3",5.97162204641236
"25005613800","Q4_high",5.43771990942613
"25005613901","Q2",6.30197288159202
"25005613902","Q2",7.28740035413849
"25005614000","Q2",6.24916841511245
"25005614101","Q2",7.05111548783216
"25005614102","Q1_low",7.8951777309505
"25005615100","Q1_low",5.62065903557551
"25005616100","Q1_low",3.57089642593166
"25005617101","Q1_low",7.19109039284036
"25005617102","Q1_low",6.96097700746687
"25005630101","Q2",4.9030956518808
"25005630102","Q3",4.33765919872876
"25005630201","Q1_low",5.89484769268187
"25005630202","Q3",6.33939453180908
"25005630301","Q1_low",5.6190039039991
"25005630302","Q2",5.04240580808109
"25005630400","Q3",4.75987070581423
"25005631101","Q3",7.46223356717369
"25005631102","Q3",4.38374763249264
"25005631200","Q2",8.15809349084205
"25005631300","Q2",4.97309021467428
"25005631400","Q4_high",3.31672946487964
"25005631500","Q2",5.49197671405151
"25005631600","Q4_high",6.9143639537317
"25005631700","Q2",6.45434793901408
"25005631800","Q1_low",5.91735818626986
"25005632100","Q1_low",4.24549333720738
"25005632200","Q2",5.11550512804445
"25005633100","Q1_low",3.33793428376841
"25005633200","Q1_low",5.61586681459191
"25005640100","Q3",4.93692367037965
"25005640201","Q3",4.2814170599797
"25005640202","Q3",5.24544269298361
"25005640300","Q3",8.97797655956106
"25005640400","Q2",4.28808146554004
"25005640500","Q4_high",8.79930979499561
"25005640600","Q3",6.19808286127657
"25005640700","Q2",4.99378438222107
"25005640800","Q3",6.90862853459231
"25005640901","Q2",4.63969458077786
"25005641000","Q4_high",5.56000531456223
"25005641101","Q4_high",7.5300347608397
"25005641200","Q4_high",5.82312683368215
"25005641300","Q3",5.98349562927441
"25005641400","Q3",4.24048156814577
"25005641500","Q3",5.96304470513725
"25005641600","Q3",7.02144715019887
"25005641700","Q2",6.22531134064626
"25005641800","Q4_high",8.26824035742264
"25005641900","Q3",5.65665099488307
"25005642000","Q3",5.040955359244
"25005642100","Q2",5.15096585903849
"25005642200","Q4_high",7.0128163987301
"25005642300","Q2",5.86487717151912
"25005642400","Q3",6.36693627555283
"25005642500","Q2",9.00666657469699
"25005644101","Q2",4.70477029911423
"25005644102","Q1_low",4.3632364667119
"25005644200","Q2",8.1017828220473
"25005645101","Q1_low",4.25472621199192
"25005645102","Q1_low",4.50715503936046
"25005645103","Q2",5.72866758603229
"25005646101","Q1_low",6.27833324058238
"25005646103","Q1_low",4.78422146622529
"25005646104","Q1_low",5.1857963266592
"25005650101","Q2",4.12134601101237
"25005650102","Q3",7.95773325212947
"25005650201","Q2",7.52350936204282
"25005650202","Q3",5.58019422150803
"25005650300","Q4_high",7.13571404322049
"25005650400","Q4_high",7.5436973967227
"25005650500","Q3",6.37742780662559
"25005650600","Q3",4.14643856766297
"25005650700","Q3",5.25370574390248
"25005650800","Q4_high",9.21915948899459
"25005650900","Q3",7.20543765822477
"25005651001","Q2",7.23101062153387
"25005651002","Q3",4.95130653619366
"25005651100","Q3",5.53584974616601
"25005651200","Q4_high",8.74577681429268
"25005651300","Q4_high",9.27615830136516
"25005651400","Q3",6.38613183307989
"25005651500","Q2",6.57624053230757
"25005651600","Q2",4.98919579852534
"25005651700","Q3",6.62333939021811
"25005651800","Q4_high",7.0364518800341
"25005651900","Q4_high",10.2035209202365
"25005652000","Q3",5.57743712068447
"25005652100","Q3",4.52479849449969
"25005652200","Q4_high",8.23851973721126
"25005652300","Q3",5.74092128614316
"25005652400","Q3",4.63416952315149
"25005652500","Q3",6.35888984665946
"25005652600","Q3",4.82143030330216
"25005652700","Q3",5.52723920572959
"25005652800","Q2",7.85149952263757
"25005653101","Q2",7.0461704171481
"25005653102","Q2",6.61681666624366
"25005653203","Q2",4.63130916422861
"25005653204","Q1_low",6.66137365105081
"25005653301","Q1_low",4.59920971180058
"25005653304","Q1_low",7.1302689974941
"25005654100","Q1_low",5.82618270712495
"25005654200","Q2",5.97453981828612
"25005655100","Q2",6.89332171824031
"25005655200","Q2",5.0280191888147
"25005655300","Q3",5.45542746733522
"25005655400","Q1_low",5.28702412612718
"25005985500","Q1_low",6.6414412127284
"25005985600","Q2",4.9559675723838
"25007200100","Q2",4.14775505108715
"25007200200","Q1_low",4.29338614131205
"25007200300","Q1_low",4.94917253686209
"25007200400","Q1_low",4.38277710006647
"25009201100","Q2",4.63364267198278
"25009202101","Q3",4.59948765039714
"25009202103","Q1_low",4.65438685145137
"25009202104","Q3",3.92530874029009
"25009202200","Q2",4.82138051939916
"25009203100","Q2",4.74254061144774
"25009203200","Q2",4.23041492358557
"25009203301","Q3",5.97759216226363
"25009203302","Q3",4.40975668928464
"25009204101","Q3",4.3362385076383
"25009204102","Q2",5.81225774844533
"25009204200","Q4_high",2.69806065118057
"25009204300","Q4_high",5.88812968887874
"25009204400","Q3",7.3263801108866
"25009204500","Q4_high",5.49306629191776
"25009204600","Q2",5.68071033418669
"25009204701","Q3",6.16865915670914
"25009204702","Q3",2.80686662186436
"25009205100","Q2",5.69444773285482
"25009205200","Q4_high",5.2591932010262
"25009205300","Q2",5.5813378038135
"25009205400","Q2",5.92963605239673
"25009205500","Q3",6.58104671956578
"25009205600","Q2",5.15529363871458
"25009205700","Q2",7.21387999277986
"25009205800","Q4_high",8.65230687969685
"25009205900","Q3",4.42727451987184
"25009206000","Q4_high",6.78653503930101
"25009206100","Q4_high",4.97996072399714
"25009206200","Q2",5.38707843971995
"25009206300","Q3",5.98038205382596
"25009206400","Q3",5.21249091726031
"25009206500","Q3",5.76167265705371
"25009206600","Q4_high",6.79018382272817
"25009206700","Q3",5.17429222084342
"25009206800","Q4_high",5.38266474815698
"25009206900","Q4_high",4.18042829787621
"25009207000","Q4_high",4.32962844395569
"25009207100","Q4_high",5.17947280046566
"25009207200","Q4_high",9.9820101432749
"25009208101","Q2",5.22359559676411
"25009208102","Q2",5.48058399122796
"25009208200","Q3",5.7455014456624
"25009208301","Q3",4.63371961392091
"25009208302","Q2",6.70315109340761
"25009208401","Q2",6.67876767191437
"25009208402","Q3",6.22758274225797
"25009209100","Q3",7.8106575477858
"25009209200","Q1_low",5.6295795045044
"25009210100","Q2",4.11624843696096
"25009210200","Q2",3.4420157282761
"25009210301","Q3",7.17801646060255
"25009210302","Q4_high",5.33301937358868
"25009210401","Q3",7.70869899637615
"25009210402","Q3",7.84646537388313
"25009210500","Q2",4.23446646473636
"25009210600","Q2",5.33513065590169
"25009210700","Q3",4.70125548014331
"25009210800","Q4_high",4.38076814680869
"25009210900","Q2",6.13450710630419
"25009211100","Q3",5.72084613724826
"25009211201","Q4_high",4.41210471019658
"25009211202","Q4_high",5.38005083363026
"25009211300","Q3",7.82876590361623
"25009211401","Q3",5.19415836923857
"25009211402","Q3",7.56507998230154
"25009212101","Q2",4.74084755918715
"25009212102","Q2",4.26796937238752
"25009213100","Q1_low",3.63750984357196
"25009214100","Q1_low",5.2985731176487
"25009215101","Q1_low",5.69715559792653
"25009215102","Q1_low",5.91424336814087
"25009216100","Q1_low",6.58538933761288
"25009217101","Q3",6.24455044583232
"25009217102","Q3",5.21502518761844
"25009217201","Q2",7.32720509975491
"25009217202","Q2",6.41689440011579
"25009217300","Q4_high",5.09864600288998
"25009217401","Q4_high",4.6350760544935
"25009217402","Q4_high",7.87636577915349
"25009217500","Q3",5.12163604875563
"25009217601","Q1_low",5.68736948806954
"25009217602","Q2",9.50265194735663
"25009218100","Q1_low",5.87439344387491
"25009220101","Q1_low",3.56618348297285
"25009220102","Q1_low",4.00731024786922
"25009221100","Q1_low",5.13803844032613
"25009221300","Q3",7.9921630906034
"25009221400","Q3",6.56629577378116
"25009221500","Q4_high",5.42824850779899
"25009221600","Q3",5.01773940313973
"25009221700","Q3",4.64781959472492
"25009221800","Q2",7.8858182981836
"25009221901","Q1_low",5.38688661761501
"25009221902","Q1_low",4.66968004319813
"25009222100","Q1_low",4.50721954253605
"25009223100","Q1_low",5.80138509483732
"25009223200","Q3",6.64329271005751
"25009223300","Q1_low",6.37922576847417
"25009250100","Q4_high",5.08331203054723
"25009250200","Q2",5.14100488412925
"25009250300","Q4_high",7.52040313667601
"25009250400","Q4_high",5.93297756891452
"25009250500","Q3",5.79928064776771
"25009250600","Q3",4.68495973047561
"25009250700","Q4_high",6.79117312097321
"25009250800","Q3",8.21341834511452
"25009250900","Q4_high",5.47356888277084
"25009251000","Q3",6.03928109764144
"25009251100","Q4_high",6.44765366825737
"25009251200","Q4_high",8.51232245206313
"25009251300","Q4_high",7.78024883754957
"25009251400","Q3",6.91050791041042
"25009251500","Q4_high",7.65843530834473
"25009251600","Q4_high",5.62692749547792
"25009251700","Q3",6.17064738501308
"25009251800","Q2",4.39356766989147
"25009252101","Q3",5.49066254463493
"25009252102","Q2",5.77719786441678
"25009252201","Q2",8.14313258491333
"25009252202","Q1_low",7.18914416647289
"25009252300","Q3",4.46265304755872
"25009252400","Q4_high",7.16940258524914
"25009252501","Q3",3.61952688505143
"25009252502","Q3",4.89451230214173
"25009252601","Q2",4.15261220951373
"25009252602","Q2",6.81883018983698
"25009252603","Q1_low",6.08503910137531
"25009253100","Q3",4.5186732266921
"25009253201","Q3",6.51478668879436
"25009253202","Q3",6.33875871096151
"25009253203","Q2",5.40799094109589
"25009253204","Q2",6.77632291823759
"25009253205","Q1_low",7.47552313808461
"25009254100","Q3",6.0539281480556
"25009254200","Q4_high",5.07107834966927
"25009254301","Q3",8.81214741406488
"25009254302","Q1_low",5.44757223674497
"25009254401","Q2",5.34613672629437
"25009254402","Q3",9.8738023791978
"25009254403","Q2",5.22482936398429
"25009260100","Q4_high",4.65751259730703
"25009260200","Q4_high",5.83066679259657
"25009260301","Q2",5.48300947178589
"25009260302","Q1_low",5.43257321149049
"25009260401","Q2",6.69661951169912
"25009260402","Q1_low",7.18923356855916
"25009260500","Q2",5.44988788214413
"25009260600","Q2",5.6359738906453
"25009260700","Q2",4.22138126138421
"25009260800","Q3",6.90894067389886
"25009260900","Q3",5.02985287255293
"25009261000","Q3",5.60411297095176
"25009261101","Q1_low",5.13835058756235
"25009261102","Q3",6.56771722227697
"25009262100","Q1_low",3.92060397093153
"25009263100","Q1_low",4.65128004558568
"25009264100","Q1_low",3.75968896162028
"25009265101","Q1_low",4.46246424905844
"25009265102","Q2",7.43273189710011
"25009266100","Q1_low",5.38555428944271
"25009266200","Q1_low",4.3665964538245
"25009266300","Q2",4.35212373813657
"25009266400","Q2",6.76497588884723
"25009267102","Q1_low",5.14419243688077
"25009267103","Q1_low",5.92990687296832
"25009267104","Q1_low",5.77982804024511
"25009268100","Q1_low",8.28572317469416
"25009268200","Q3",6.40833585249331
"25009268300","Q4_high",4.98358709571548
"25009268400","Q2",4.45848862498341
"25009269100","Q1_low",4.51367624974362
"25009270100","Q1_low",4.64035859727941
"25011040100","Q1_low",6.48527745561996
"25011040200","Q1_low",7.66844522119321
"25011040300","Q1_low",6.31751964814428
"25011040400","Q1_low",6.82677300879473
"25011040501","Q1_low",4.92958959431015
"25011040502","Q1_low",4.96735618765069
"25011040600","Q1_low",5.79762047904392
"25011040701","Q2",5.46132476653516
"25011040702","Q1_low",6.99678023201039
"25011040800","Q1_low",6.6648860236533
"25011040900","Q1_low",7.41623516904363
"25011041000","Q1_low",6.55659345903422
"25011041100","Q1_low",7.27675585216712
"25011041200","Q3",5.85536919153885
"25011041301","Q4_high",5.42465887918086
"25011041302","Q4_high",4.67597849590013
"25011041400","Q2",6.95533345032434
"25011041501","Q1_low",4.13308967950063
"25011041502","Q1_low",4.08749616969947
"25013800101","Q2",7.06117026073686
"25013800102","Q3",4.69467068157489
"25013800201","Q3",7.49113589230726
"25013800202","Q4_high",9.01198452865768
"25013800300","Q3",8.05029492754088
"25013800400","Q3",5.29123606087002
"25013800500","Q3",6.09700716335938
"25013800600","Q4_high",8.20804918823286
"25013800700","Q4_high",9.71210009883339
"25013800800","Q4_high",7.15332805641246
"25013800900","Q4_high",9.20894219105693
"25013801101","Q4_high",6.27069140731492
"25013801102","Q4_high",6.59607278401749
"25013801200","Q4_high",7.43610321941396
"25013801300","Q4_high",7.98372569104693
"25013801401","Q3",8.16799499936092
"25013801402","Q3",6.78682115281809
"25013801501","Q4_high",8.49174768008462
"25013801502","Q3",6.99277886571581
"25013801503","Q3",7.20069984971631
"25013801601","Q2",6.07571477422944
"25013801602","Q3",9.21206856337193
"25013801603","Q2",6.71491308876029
"25013801604","Q1_low",6.95859797982441
"25013801605","Q3",7.08662094210498
"25013801700","Q3",8.18327784179265
"25013801800","Q3",4.69815277643442
"25013801901","Q4_high",8.1959859151094
"25013801902","Q4_high",7.49996503445144
"25013802000","Q4_high",7.40296413056759
"25013802101","Q2",5.37223137757152
"25013802200","Q3",5.65931332753234
"25013802300","Q3",6.49368761902262
"25013802400","Q2",5.62779064401319
"25013802500","Q2",4.86681794326974
"25013802601","Q2",5.51859029910738
"25013802602","Q1_low",6.414461742583
"25013810100","Q1_low",5.52657148337098
"25013810200","Q1_low",5.91885197382338
"25013810300","Q1_low",4.52165587941952
"25013810403","Q3",3.88876897742483
"25013810404","Q1_low",6.97159767827045
"25013810412","Q2",5.85279326540554
"25013810414","Q1_low",4.7330560714864
"25013810601","Q3",8.2994591808353
"25013810602","Q2",9.14842263697504
"25013810700","Q2",5.752291168988
"25013810800","Q2",7.2425447736274
"25013810901","Q3",5.70962915920676
"25013810902","Q3",8.18033937952385
"25013811000","Q2",5.54790271982208
"25013811101","Q3",6.6865145871719
"25013811102","Q3",8.99604045891951
"25013811200","Q2",7.06901563014819
"25013811301","Q2",4.3397870404879
"25013811302","Q2",6.02767012210709
"25013811400","Q4_high",10.4381022673041
"25013811500","Q4_high",8.52428204093973
"25013811600","Q4_high",7.07054307643822
"25013811700","Q4_high",5.68129209828893
"25013811800","Q3",6.92839440812034
"25013811900","Q1_low",6.47971783251648
"25013812001","Q3",4.5332853384928
"25013812002","Q3",6.4401441994837
"25013812101","Q2",6.7313282770214
"25013812103","Q4_high",5.16329228273891
"25013812104","Q3",10.2484803777536
"25013812201","Q4_high",5.40870569909368
"25013812202","Q3",5.13622343558857
"25013812300","Q4_high",5.71634379345039
"25013812401","Q1_low",4.67101365672601
"25013812403","Q2",4.69586999603721
"25013812404","Q1_low",6.8494903447851
"25013812500","Q2",5.49557521987134
"25013812600","Q2",5.732744544214
"25013812701","Q3",6.11734626319372
"25013812702","Q3",5.98008907789363
"25013812800","Q2",7.36918337203406
"25013812901","Q1_low",5.93896668500821
"25013812902","Q1_low",5.34245008141177
"25013813001","Q1_low",5.22427427108716
"25013813002","Q1_low",5.51080101281269
"25013813101","Q1_low",5.83800207328119
"25013813102","Q1_low",5.29499694977742
"25013813204","Q1_low",5.7004287360936
"25013813205","Q2",6.15508799498849
"25013813206","Q2",5.90399051235397
"25013813207","Q2",4.50432222572105
"25013813208","Q2",8.14289502890601
"25013813209","Q2",5.22926002703199
"25013813301","Q2",6.57477772861051
"25013813303","Q2",4.60465060965005
"25013813304","Q2",4.86018725228464
"25013813401","Q3",4.77913250343151
"25013813403","Q3",5.08143341425712
"25013813404","Q2",6.07889186807683
"25013813500","Q1_low",5.06740030827608
"25013813601","Q2",5.37968697027153
"25013813602","Q1_low",3.58386933872133
"25013813701","Q1_low",5.92834601020028
"25013813702","Q1_low",6.88564746150656
"25013813801","Q1_low",3.73801373270278
"25013813802","Q1_low",4.26683710438253
"25015820101","Q1_low",5.75609696317329
"25015820102","Q2",7.63078612398768
"25015820205","Q1_low",5.41942643458168
"25015820206","Q1_low",4.43738999123557
"25015820207","Q1_low",7.17324715007602
"25015820300","Q1_low",5.98766676034979
"25015820400","Q3",7.54963892865528
"25015820500","Q3",7.15887534571019
"25015820600","Q2",9.09609997272828
"25015820700","Q1_low",7.2003672245612
"25015820801","Q1_low",5.31995868573164
"25015820802","Q3",10.8514620970663
"25015820900","Q1_low",3.4537459728117
"25015821000","Q2",3.90694668504584
"25015821101","Q1_low",4.33775834679468
"25015821200","Q4_high",9.2741499325095
"25015821300","Q1_low",6.36300282399134
"25015821400","Q1_low",5.5998143201215
"25015821500","Q1_low",6.36323134648907
"25015821601","Q2",5.27144968589888
"25015821602","Q3",4.97659552442727
"25015821700","Q1_low",6.81536420700444
"25015821901","Q3",6.50800916254583
"25015821903","Q3",5.20876095272236
"25015821904","Q4_high",5.21101456637954
"25015822000","Q4_high",10.0746146044895
"25015822200","Q1_low",6.53007634238585
"25015822300","Q1_low",5.94649644226525
"25015822401","Q1_low",6.42355447886509
"25015822402","Q3",4.91272743903479
"25015822500","Q1_low",3.83351725478364
"25015822601","Q1_low",5.667454013248
"25015822603","Q1_low",5.73746269496842
"25015822607","Q1_low",4.7628526956903
"25015822700","Q1_low",4.54357185440289
"25017300100","Q1_low",4.97041092834025
"25017301101","Q1_low",4.57179001974574
"25017301102","Q1_low",5.89626210181883
"25017310101","Q4_high",5.24182200017791
"25017310102","Q4_high",6.57649592496237
"25017310200","Q2",6.0420161911765
"25017310300","Q2",5.40461026324189
"25017310400","Q3",5.0742564200169
"25017310500","Q2",5.00279911034901
"25017310601","Q3",8.85882445581071
"25017310602","Q4_high",6.45332535461023
"25017310700","Q3",7.97638653844762
"25017311100","Q4_high",9.10121723983768
"25017311200","Q3",5.17918070399404
"25017311300","Q3",7.47169332449172
"25017311400","Q4_high",5.79649867129984
"25017311500","Q3",4.59393704157636
"25017311600","Q4_high",7.49536962526665
"25017311700","Q4_high",5.56770087235083
"25017311800","Q4_high",8.97800433930305
"25017311900","Q3",5.26260010085944
"25017312000","Q3",6.00663860492337
"25017312100","Q3",6.28517616694491
"25017312200","Q3",6.67495823670801
"25017312300","Q3",6.45998697861031
"25017312400","Q4_high",7.78049016562032
"25017312501","Q2",5.34608947472769
"25017312502","Q3",6.23620492480534
"25017313101","Q2",5.89028048897196
"25017313102","Q1_low",4.86358515772007
"25017314101","Q1_low",4.68082397672572
"25017314102","Q2",3.66864272718462
"25017314200","Q2",5.13848017638884
"25017314301","Q2",5.0607109385435
"25017314302","Q2",9.90851624470663
"25017315100","Q3",6.36552845475704
"25017315200","Q2",4.36952748958133
"25017315401","Q2",5.68506391732084
"25017315402","Q2",8.58215567610993
"25017315403","Q2",5.10239270612988
"25017315500","Q2",4.65475899389132
"25017316101","Q1_low",4.73763287024352
"25017316102","Q2",5.38773044035127
"25017316201","Q2",5.31580129949293
"25017316202","Q2",6.61963278314156
"25017316300","Q3",8.41036855042732
"25017316400","Q2",8.16474363836956
"25017316500","Q3",6.48622050117666
"25017317101","Q2",4.11191895695335
"25017317102","Q4_high",9.73956666616288
"25017317103","Q1_low",4.88311539976422
"25017317202","Q1_low",6.59715586798852
"25017317203","Q3",4.75812360135826
"25017317301","Q3",4.86154037880632
"25017317302","Q2",5.35116106845385
"25017318100","Q1_low",4.38820144866588
"25017318200","Q1_low",5.52255048882858
"25017318300","Q1_low",5.64158700062545
"25017318400","Q3",5.26341424452517
"25017320102","Q2",6.60990826420451
"25017320105","Q1_low",6.21973787965118
"25017320106","Q2",4.39943465454575
"25017320107","Q1_low",6.97403456350855
"25017321100","Q2",5.9901472886378
"25017321200","Q2",2.83981248901476
"25017321301","Q3",4.79829809809755
"25017321302","Q3",6.58838110311776
"25017321400","Q4_high",7.26946330666547
"25017321500","Q3",7.92536158211135
"25017321600","Q2",5.35630159139552
"25017322100","Q2",6.55699094981858
"25017322200","Q3",5.6305413874358
"25017322300","Q3",5.77804111087054
"25017322400","Q3",6.52088000701588
"25017323101","Q1_low",4.31026714680482
"25017323102","Q1_low",8.24633588409186
"25017324101","Q2",6.59153113304511
"25017324102","Q2",4.65146886202787
"25017325101","Q2",8.765747831082
"25017325102","Q2",6.40726576552743
"25017326101","Q1_low",5.87714834442408
"25017326102","Q1_low",4.87830254186962
"25017327101","Q1_low",7.98385287566854
"25017327102","Q1_low",3.21466464687466
"25017327103","Q1_low",4.95646590338708
"25017328100","Q1_low",4.89673317168982
"25017330101","Q1_low",7.55976677509039
"25017330102","Q1_low",4.2772140887699
"25017330201","Q2",6.4739893778647
"25017330202","Q3",7.45929797298415
"25017331101","Q3",10.1561753227896
"25017331102","Q3",7.18199694235754
"25017331200","Q2",4.17923467728897
"25017331300","Q2",6.80321116247751
"25017332100","Q2",4.12337900264144
"25017332201","Q3",6.00701240734973
"25017332202","Q3",6.13697948574989
"25017332300","Q3",4.96969549855464
"25017332401","Q4_high",5.92594398688234
"25017332402","Q4_high",8.15714049360214
"25017333100","Q2",5.71593599855332
"25017333200","Q2",3.40646817096734
"25017333300","Q3",5.55509367297694
"25017333400","Q4_high",6.18363139590837
"25017333501","Q2",6.75558855206318
"25017333502","Q3",3.93156121451958
"25017333601","Q4_high",7.15463362839195
"25017333602","Q4_high",5.61296612498067
"25017334100","Q2",4.36326308555717
"25017334200","Q3",5.57042114533572
"25017334300","Q2",4.35457411069035
"25017334400","Q3",5.08126540620959
"25017335100","Q4_high",4.40148175744476
"25017335200","Q3",6.07548046429081
"25017335301","Q3",5.2620418180549
"25017335302","Q4_high",6.38094467535253
"25017335400","Q2",5.6040474765022
"25017336100","Q3",4.47054179014807
"25017336201","Q2",6.97084073240393
"25017336202","Q4_high",6.01301623679912
"25017336300","Q2",4.35796522687048
"25017336402","Q3",5.36038827279012
"25017336403","Q2",4.92864425247693
"25017336404","Q2",4.75551848054039
"25017337101","Q2",6.50586725129619
"25017337102","Q2",4.81738917414284
"25017337201","Q3",5.44825802351324
"25017337202","Q3",4.77378173252973
"25017337300","Q3",5.23193060204579
"25017338100","Q2",6.07947852678152
"25017338200","Q4_high",5.79302341468984
"25017338300","Q3",5.01087343819738
"25017338400","Q2",6.407667818663
"25017338500","Q2",6.73695022415746
"25017339101","Q4_high",3.94498398271421
"25017339102","Q2",7.61309681343006
"25017339200","Q2",3.103243474822
"25017339300","Q3",4.40198158466391
"25017339400","Q3",6.04906715825271
"25017339500","Q4_high",7.40277369049395
"25017339600","Q3",4.62083441791143
"25017339700","Q4_high",7.99215542182282
"25017339802","Q4_high",6.28221149266474
"25017339803","Q4_high",6.89876504650524
"25017339804","Q4_high",8.12578898035475
"25017339900","Q3",4.27903069646756
"25017340000","Q3",5.71346121710513
"25017340100","Q2",5.09240478067072
"25017341101","Q2",5.44020589365028
"25017341102","Q4_high",6.94199914581295
"25017341200","Q3",3.82748424238158
"25017341301","Q4_high",6.16348493555808
"25017341302","Q3",6.99980801142382
"25017341400","Q3",3.98666995164439
"25017341500","Q3",3.19848887386013
"25017341600","Q2",5.21302747611775
"25017341700","Q2",3.96212799094235
"25017341800","Q4_high",6.03092372941372
"25017341901","Q2",5.9882758124242
"25017341903","Q3",5.71406956885028
"25017341904","Q2",5.56268178949947
"25017342101","Q4_high",6.70206536586248
"25017342102","Q2",5.08686002184466
"25017342201","Q3",4.62323075183769
"25017342202","Q3",5.21986224806066
"25017342301","Q2",5.72185162352631
"25017342302","Q3",4.08567299721998
"25017342401","Q3",5.67248571079692
"25017342402","Q4_high",9.04460444467911
"25017342501","Q4_high",4.66252081350657
"25017342502","Q3",4.16036055292227
"25017342600","Q3",4.99283463052813
"25017350106","Q4_high",10.3341336609652
"25017350107","Q4_high",6.34406179333694
"25017350108","Q3",5.57454669216728
"25017350109","Q3",4.69879633760024
"25017350201","Q4_high",5.06084626195723
"25017350202","Q3",5.21074395627773
"25017350300","Q4_high",5.46088874587582
"25017350400","Q3",4.8201854045135
"25017350500","Q4_high",7.61260734300663
"25017350600","Q2",5.22078518216932
"25017350701","Q3",4.67798615587692
"25017350702","Q4_high",6.10409533479883
"25017350800","Q4_high",6.74596101814481
"25017350900","Q4_high",8.14190993900603
"25017351001","Q3",6.92106366946362
"25017351002","Q3",5.33085246234257
"25017351101","Q4_high",6.8464190711061
"25017351102","Q3",4.92530646282774
"25017351203","Q4_high",7.35584787302741
"25017351204","Q4_high",5.02241823442414
"25017351300","Q4_high",5.68781680505451
"25017351403","Q4_high",4.99518060675039
"25017351404","Q4_high",5.87379976174
"25017351500","Q4_high",9.26692373810303
"25017352101","Q4_high",7.12431424240948
"25017352102","Q4_high",6.73041661472423
"25017352200","Q4_high",5.09004070779585
"25017352300","Q4_high",9.57314989601546
"25017352400","Q4_high",7.9323549115977
"25017352500","Q4_high",5.14460930520748
"25017352600","Q4_high",7.72869171278555
"25017352700","Q4_high",4.75359636668643
"25017352800","Q4_high",4.96891244153842
"25017352900","Q4_high",6.3664351862249
"25017353000","Q4_high",6.96574077221825
"25017353101","Q4_high",5.96082082323466
"25017353102","Q4_high",9.55446663844274
"25017353200","Q4_high",7.22924634650186
"25017353300","Q4_high",6.42581860887899
"25017353600","Q4_high",6.94308274671119
"25017353700","Q4_high",8.71620973230658
"25017353800","Q4_high",6.85237177503002
"25017353900","Q4_high",7.15826375827084
"25017354000","Q4_high",6.27361501826463
"25017354100","Q4_high",7.75384541786104
"25017354200","Q4_high",7.58490572807136
"25017354300","Q3",5.15452540853647
"25017354400","Q3",5.7708026927609
"25017354500","Q4_high",3.99082105546816
"25017354601","Q4_high",5.31887237431575
"25017354602","Q4_high",6.21493141898218
"25017354700","Q4_high",8.52518992785408
"25017354800","Q4_high",4.68887342186515
"25017354901","Q4_high",9.61831964354086
"25017354902","Q3",8.42805966572504
"25017355000","Q4_high",6.45587743753685
"25017356100","Q3",6.46693641897789
"25017356300","Q4_high",5.57959280934691
"25017356400","Q2",5.39916302878503
"25017356500","Q3",3.94978537057577
"25017356601","Q3",5.34184033627485
"25017356602","Q3",5.89511483124965
"25017356701","Q4_high",4.71865907040575
"25017356703","Q3",5.05216082531943
"25017356704","Q3",5.24824974360939
"25017357100","Q3",5.21349723382571
"25017357200","Q3",4.61180962163953
"25017357300","Q3",4.11222982294942
"25017357400","Q3",4.32749034550596
"25017357500","Q3",5.6831482102551
"25017357600","Q3",6.67788740757636
"25017357700","Q4_high",7.24546909756919
"25017357800","Q2",6.10093869923859
"25017358100","Q2",5.70842079224535
"25017358300","Q4_high",6.10222610244063
"25017358400","Q3",6.9481049541605
"25017358500","Q2",5.7039092451911
"25017358600","Q4_high",5.80931727393327
"25017358700","Q1_low",5.66059435762747
"25017359100","Q3",7.83374587111598
"25017359302","Q2",7.82387750162439
"25017359303","Q2",5.34502466280343
"25017359400","Q4_high",8.32484039418348
"25017360300","Q1_low",7.09462396903018
"25017361100","Q2",7.93942222420908
"25017361200","Q2",5.05653399960166
"25017361300","Q1_low",6.09928205266939
"25017362100","Q1_low",4.57508210526345
"25017363103","Q2",6.19209625353246
"25017363104","Q2",4.83436154763787
"25017363105","Q2",5.16826832961016
"25017363106","Q3",6.13255026516342
"25017363201","Q2",6.92867984612272
"25017363202","Q2",5.8251419720943
"25017364101","Q2",6.35135274491547
"25017364102","Q2",6.86768497484174
"25017365100","Q1_low",6.5993987236098
"25017365201","Q2",7.18014988499724
"25017365202","Q2",5.51544072209562
"25017366100","Q2",4.79557866466712
"25017366201","Q1_low",6.1333681460906
"25017366202","Q1_low",6.62900368473568
"25017367100","Q2",7.29553515750837
"25017367200","Q1_low",8.49318237070456
"25017368101","Q3",7.90903032559185
"25017368102","Q4_high",10.1667311920482
"25017368200","Q4_high",7.3906023817301
"25017368300","Q4_high",6.64446561299743
"25017368400","Q4_high",8.56145372116061
"25017368500","Q4_high",3.97364195316651
"25017368600","Q4_high",6.35096028467753
"25017368700","Q4_high",9.36048687921411
"25017368800","Q4_high",5.42047232802982
"25017368901","Q2",5.79971183488132
"25017368902","Q4_high",6.41006172151193
"25017369000","Q3",9.52326318546642
"25017369100","Q4_high",4.99424320718722
"25017370101","Q2",5.49133922553344
"25017370103","Q4_high",6.64786584974735
"25017370104","Q4_high",7.13984274470815
"25017370201","Q2",6.15753340563379
"25017370202","Q2",6.01037685370009
"25017370301","Q3",6.16943095704208
"25017370302","Q4_high",7.27864269128854
"25017370401","Q4_high",5.46561451713971
"25017370402","Q4_high",7.9603156991239
"25017370403","Q4_high",3.36416488330187
"25017373100","Q4_high",5.95507598939323
"25017373200","Q4_high",5.3397483538942
"25017373300","Q4_high",5.56919775807989
"25017373400","Q3",4.36791420467229
"25017373500","Q2",5.03360553430219
"25017373600","Q4_high",8.26389041191671
"25017373700","Q2",4.09988183799814
"25017373800","Q4_high",8.05982715909721
"25017373901","Q2",8.27324479155339
"25017373902","Q3",6.58214496804153
"25017374000","Q4_high",7.22889842841518
"25017374100","Q4_high",4.48541860842969
"25017374200","Q3",5.53089167925406
"25017374300","Q4_high",7.33377350082989
"25017374400","Q2",7.76925843012757
"25017374500","Q4_high",5.24739960141099
"25017374600","Q3",4.89714109932214
"25017374700","Q3",5.34652786157495
"25017374800","Q4_high",9.95073374664832
"25017382100","Q3",6.1077770204121
"25017382200","Q4_high",7.09782421469223
"25017382300","Q2",5.77881132816033
"25017382400","Q1_low",4.57646756342098
"25017382500","Q3",5.48292511869859
"25017382601","Q3",4.583126134144
"25017382602","Q4_high",5.17960885135785
"25017383101","Q3",6.25632995380565
"25017383102","Q3",5.75252811284956
"25017383200","Q3",5.0116011541374
"25017383300","Q3",7.77957977720272
"25017383401","Q4_high",6.92951377728662
"25017383402","Q2",7.31471338531022
"25017383501","Q3",5.30511811477104
"25017383502","Q3",5.71608496281831
"25017383600","Q4_high",6.07074424194574
"25017383700","Q4_high",9.02368263042816
"25017383800","Q1_low",3.22661267472903
"25017383902","Q1_low",4.7926090575684
"25017383903","Q1_low",5.69331961855671
"25017383904","Q1_low",6.80770624285057
"25017384003","Q4_high",7.68315237350646
"25017384004","Q2",4.91168768539204
"25017385101","Q1_low",5.87581417638292
"25017385102","Q1_low",3.44422049218257
"25017385201","Q1_low",4.95753952298529
"25017385203","Q2",4.94320231757152
"25017385204","Q2",5.63438000824553
"25017386100","Q1_low",4.85342137955895
"25017387100","Q2",8.03876489210929
"25017387201","Q2",5.90106648674721
"25017387202","Q1_low",6.95974977793688
"25017388100","Q2",6.74958077642144
"25017388200","Q1_low",7.23587498831682
"25017388300","Q4_high",4.95362929848978
"25019950100","Q2",5.83642039527804
"25019950201","Q2",5.15061184422505
"25019950202","Q1_low",7.71932889191676
"25019950307","Q1_low",5.83535591497588
"25019950400","Q2",5.8131556835085
"25019950500","Q1_low",5.80966878870834
"25021400100","Q4_high",6.84309052980653
"25021400201","Q4_high",4.84262842609979
"25021400202","Q4_high",5.00902902602888
"25021400300","Q4_high",6.18954568834412
"25021400401","Q4_high",4.92860466136688
"25021400402","Q4_high",5.69929304227001
"25021400500","Q4_high",4.28249150538723
"25021400600","Q3",5.60713180809573
"25021400700","Q4_high",7.41700569968995
"25021400800","Q4_high",4.5705922347597
"25021400900","Q4_high",8.44090964643824
"25021401000","Q3",5.91269695549615
"25021401100","Q2",6.72945029459509
"25021401201","Q2",4.47348921562232
"25021401202","Q3",9.13787344811658
"25021402101","Q3",7.01716771578176
"25021402102","Q3",4.52299776019803
"25021402200","Q2",6.45304765697271
"25021402300","Q3",6.34790081753371
"25021402400","Q4_high",5.92921202667726
"25021402500","Q3",5.26110853106517
"25021403100","Q2",5.20616496541124
"25021403300","Q3",3.68976271651365
"25021403400","Q2",7.03456892877174
"25021403501","Q4_high",6.96882561651705
"25021403502","Q2",9.22792381054726
"25021404100","Q4_high",5.95053161265079
"25021404201","Q2",6.73004064662802
"25021404202","Q3",7.80334659406726
"25021404301","Q2",6.42252706042142
"25021404302","Q3",6.83303176355791
"25021404400","Q3",8.20611891298291
"25021405100","Q1_low",4.96138443993727
"25021406101","Q2",4.06954544799625
"25021406102","Q1_low",4.71049320433445
"25021407101","Q1_low",7.63122522028568
"25021407102","Q1_low",4.88251011124023
"25021408102","Q2",4.59079185627076
"25021408103","Q2",7.21456322629343
"25021408104","Q2",6.34873283884135
"25021409101","Q1_low",5.0209731028944
"25021409102","Q1_low",4.02841703765374
"25021410100","Q2",4.33280366308874
"25021410300","Q2",6.01590058650346
"25021410400","Q3",7.31011815734191
"25021411101","Q2",8.89832595747634
"25021411102","Q2",5.13705094877178
"25021411200","Q3",5.86162963835755
"25021411301","Q1_low",7.2161830565996
"25021411302","Q2",4.52448145776594
"25021412100","Q2",4.81550180814587
"25021412200","Q2",6.52780363296372
"25021412300","Q4_high",7.06493336423113
"25021413100","Q3",6.853769241085
"25021413201","Q3",4.7424473066158
"25021413202","Q3",7.88865276114344
"25021413300","Q1_low",6.65361611952912
"25021413401","Q4_high",5.48406053139198
"25021413402","Q2",3.99158528121422
"25021413500","Q4_high",6.09879553627171
"25021414100","Q2",6.70031840833192
"25021414200","Q1_low",5.86999474258939
"25021414300","Q2",6.87509000055193
"25021415101","Q3",6.45771923530736
"25021415103","Q4_high",5.93117814578598
"25021415104","Q3",6.1272574081067
"25021415201","Q3",6.50414604729458
"25021415202","Q3",7.05797013093861
"25021415300","Q3",8.46895423150369
"25021416101","Q2",7.50149279760221
"25021416102","Q2",9.03178804763972
"25021416200","Q1_low",5.40440225849466
"25021416300","Q2",4.514120755566
"25021416400","Q3",6.37174870313295
"25021417100","Q3",3.44182341810587
"25021417201","Q4_high",9.60768996763041
"25021417202","Q3",4.30194522069955
"25021417300","Q4_high",7.33571475877282
"25021417400","Q2",6.01278359078921
"25021417501","Q2",5.16716720704938
"25021417502","Q4_high",4.89039531913501
"25021417601","Q3",5.90384971336751
"25021417602","Q3",3.66951454233151
"25021417702","Q2",5.32595746856177
"25021417703","Q4_high",6.14993899748411
"25021417704","Q4_high",6.54701643790986
"25021417801","Q2",4.9935724911951
"25021417802","Q2",5.53842645558286
"25021417901","Q3",4.08483029168265
"25021417902","Q3",7.31288853923115
"25021418002","Q4_high",5.84375369393467
"25021418003","Q4_high",7.48587221389134
"25021418004","Q4_high",6.84473293486451
"25021418101","Q3",4.82336542391697
"25021418102","Q3",6.01560834330519
"25021418201","Q3",6.84329486446555
"25021419100","Q4_high",5.98981379387958
"25021419200","Q2",5.3266798431901
"25021419300","Q2",4.91990671317301
"25021419400","Q3",7.96934277084656
"25021419500","Q2",5.35086274063605
"25021419601","Q2",8.36588764462818
"25021419602","Q2",5.90477923129399
"25021419700","Q2",4.93471333634441
"25021419800","Q4_high",6.88690268640088
"25021420101","Q2",6.69725470077135
"25021420102","Q3",8.02804498979391
"25021420201","Q2",7.21666651798957
"25021420202","Q2",5.58193214311473
"25021420301","Q3",5.70957660453479
"25021420302","Q2",4.72822743944789
"25021421100","Q2",5.67791862270825
"25021421200","Q2",5.38822008463333
"25021422100","Q2",5.41403563922883
"25021422201","Q1_low",6.90985411920632
"25021422202","Q4_high",6.14440000274357
"25021422301","Q3",6.6030309864955
"25021422303","Q4_high",6.03342455840445
"25021422304","Q2",6.46871546907267
"25021422401","Q3",4.26397145039659
"25021422402","Q2",5.8855073737204
"25021422501","Q2",5.67487301781674
"25021422502","Q3",6.73682490684069
"25021422600","Q1_low",3.6196853754464
"25021422700","Q2",6.69064520249417
"25021422800","Q2",5.22092735198171
"25021423101","Q2",6.06849704901578
"25021423102","Q1_low",4.0318524077898
"25021440101","Q2",4.93450497466618
"25021440102","Q1_low",4.77846136794013
"25021441202","Q1_low",6.57151560564746
"25021441203","Q2",7.4383223192308
"25021441204","Q2",6.50206283513297
"25021442101","Q3",6.48457766963655
"25021442103","Q1_low",6.46698673920935
"25021442104","Q2",4.53251035635761
"25021442105","Q3",7.94037821440694
"25021442201","Q2",8.90120198167238
"25021442203","Q2",4.6086540483742
"25021442204","Q2",5.8813126608795
"25021443103","Q1_low",4.25315616216209
"25021443104","Q1_low",6.37537806899076
"25021443105","Q2",7.70335414554007
"25021443106","Q2",6.57861435919315
"25021456101","Q3",5.84070304935791
"25021456102","Q2",3.36867715556371
"25021456200","Q4_high",6.80655184110352
"25021456301","Q3",4.59678536435352
"25021456302","Q3",5.63456361653997
"25021456401","Q2",4.49576487277587
"25021456402","Q1_low",4.86101941721813
"25021457100","Q3",5.97162619552775
"25021457200","Q3",5.14292532784866
"25021980000","Q1_low",7.37162725788983
"25023500101","Q1_low",5.67639579370203
"25023500103","Q1_low",4.41437133810638
"25023500104","Q2",3.4284777129724
"25023501101","Q2",6.76317471159986
"25023501102","Q3",6.21982483327496
"25023501201","Q1_low",5.15756056859856
"25023501203","Q1_low",6.21988518979007
"25023501204","Q3",5.74114380615544
"25023502101","Q2",5.38855418812521
"25023502102","Q1_low",5.08628571866368
"25023502200","Q3",6.38559408385681
"25023503101","Q2",5.01626668331929
"25023503102","Q2",4.87217089639926
"25023504101","Q2",5.49624512282195
"25023504102","Q1_low",4.26437441717313
"25023505102","Q1_low",5.48389814473478
"25023505103","Q1_low",5.69581715992919
"25023505104","Q1_low",5.57249454786433
"25023505201","Q1_low",6.04388201577051
"25023505202","Q2",3.66509530396757
"25023506102","Q2",4.65749930984492
"25023506103","Q1_low",6.07573843311461
"25023506104","Q1_low",4.04055728627296
"25023506202","Q2",6.24486259488096
"25023506203","Q1_low",5.58389148920408
"25023506205","Q1_low",5.54940993583895
"25023506206","Q2",5.65620632131726
"25023507101","Q1_low",4.36957936061896
"25023507103","Q1_low",4.30259479848203
"25023507104","Q1_low",5.23651981906496
"25023508101","Q2",4.96313409582026
"25023508102","Q1_low",5.55200975457756
"25023508200","Q1_low",5.09802799795413
"25023509101","Q1_low",5.58143574969579
"25023509102","Q2",5.3817712821428
"25023510100","Q2",6.50266808736983
"25023510200","Q2",9.52144304278226
"25023510300","Q3",5.43789861473108
"25023510400","Q4_high",7.39913869630749
"25023510501","Q3",5.68275047569527
"25023510503","Q4_high",7.99332915558842
"25023510504","Q2",8.52354290269978
"25023510505","Q3",8.66857223512764
"25023510600","Q2",6.45637966440838
"25023510700","Q3",5.55483250778135
"25023510800","Q3",7.15824812525858
"25023510900","Q4_high",6.48323789136763
"25023511000","Q3",6.32731801808558
"25023511100","Q3",6.01988064440687
"25023511200","Q2",4.63384491701485
"25023511301","Q2",6.08351900969087
"25023511302","Q1_low",7.23129628343599
"25023511400","Q4_high",6.9585938320412
"25023511500","Q3",5.83769825243482
"25023511601","Q4_high",6.93655728232454
"25023511602","Q3",7.61981007029445
"25023511701","Q2",5.541526927598
"25023511702","Q4_high",7.46677855113464
"25023520100","Q2",4.6321839005391
"25023520201","Q2",5.79418597277746
"25023520202","Q1_low",5.10482469577618
"25023521101","Q1_low",5.9510725945185
"25023521102","Q3",5.08008117003577
"25023521201","Q2",5.08708239872511
"25023521202","Q1_low",5.28015840163287
"25023522101","Q1_low",5.25847428984755
"25023522102","Q1_low",5.93839498338968
"25023523100","Q2",6.33358297235005
"25023523201","Q1_low",5.70405045389428
"25023523203","Q1_low",5.80529529139138
"25023523204","Q1_low",5.62286841787015
"25023524101","Q2",6.70004037219604
"25023524102","Q2",5.10548692732268
"25023525101","Q2",5.45020003289322
"25023525104","Q1_low",5.0007655247291
"25023525204","Q1_low",6.44428566205588
"25023526100","Q1_low",5.29956473366917
"25023530100","Q3",5.39557741873318
"25023530200","Q3",4.2396975690396
"25023530300","Q4_high",5.32758402735551
"25023530400","Q1_low",5.19147502417058
"25023530500","Q3",4.43932848670641
"25023530600","Q1_low",4.66665729710528
"25023530700","Q1_low",5.59119588765047
"25023530801","Q1_low",6.43635830492926
"25023530802","Q1_low",4.97436783186265
"25023530902","Q1_low",5.94446146415921
"25023530903","Q1_low",5.07075050784283
"25023530904","Q1_low",5.3848574865539
"25023540101","Q1_low",4.76211717030189
"25023540102","Q1_low",3.03013857961557
"25023540103","Q1_low",4.87157020962962
"25023541100","Q1_low",5.65643512557392
"25023542101","Q1_low",7.51280495866725
"25023542102","Q1_low",6.74428023481187
"25023542200","Q1_low",7.8417084820121
"25023542301","Q2",4.20204083552282
"25023542302","Q2",7.14465753070066
"25023543100","Q1_low",6.94802580397779
"25023544100","Q1_low",3.81716663512484
"25023544200","Q1_low",5.02800570581689
"25023545100","Q2",5.46697266069437
"25023545200","Q1_low",6.65980032344377
"25023545300","Q2",4.08117572268368
"25023545400","Q1_low",4.36556377023014
"25023560100","Q1_low",4.62181141004745
"25023561100","Q1_low",6.12578780706831
"25023561400","Q1_low",5.16840673669209
"25023980200","Q1_low",7.61836035320269
"25023980300","Q2",5.93303898969895
"25025000101","Q4_high",6.1212953161313
"25025000102","Q4_high",7.31752847178345
"25025000201","Q4_high",5.51046927348461
"25025000202","Q3",4.67806331707931
"25025000301","Q3",6.08399249815257
"25025000302","Q3",6.05652530461332
"25025000401","Q3",5.96752185693168
"25025000402","Q3",5.82983457071385
"25025000502","Q4_high",5.31725292553354
"25025000503","Q4_high",7.0137468159307
"25025000505","Q4_high",7.11074562736214
"25025000506","Q3",6.36189004262664
"25025000601","Q4_high",5.43616126959248
"25025000603","Q4_high",7.80112511577856
"25025000604","Q4_high",6.16607555669151
"25025000701","Q3",5.03653461721347
"25025000703","Q4_high",8.95855951889593
"25025000704","Q4_high",5.19954201449545
"25025000804","Q4_high",5.40889836360996
"25025000805","Q4_high",5.59405477431416
"25025000806","Q4_high",8.19136168231545
"25025000807","Q4_high",11.1070545125353
"25025010103","Q4_high",7.99292238955737
"25025010104","Q4_high",6.74944464424233
"25025010204","Q4_high",10.1019163138686
"25025010205","Q4_high",7.09369670066658
"25025010206","Q4_high",9.15287622523434
"25025010300","Q4_high",11.4889679757152
"25025010403","Q4_high",7.51108049566961
"25025010404","Q4_high",7.76422621010643
"25025010405","Q4_high",9.8435102208368
"25025010500","Q4_high",4.90352536645992
"25025010600","Q4_high",9.78053342736253
"25025010701","Q4_high",6.1949156080138
"25025010702","Q4_high",6.2008870905639
"25025010801","Q4_high",6.77707481295736
"25025010802","Q4_high",7.97876738862028
"25025020101","Q4_high",5.17787868628656
"25025020200","Q4_high",4.74340741907866
"25025020301","Q4_high",9.33224715501362
"25025020302","Q4_high",7.53380673215513
"25025020304","Q4_high",5.640351962865
"25025020305","Q4_high",8.13751017060136
"25025030100","Q4_high",5.6412263893589
"25025030200","Q4_high",5.072591890561
"25025030301","Q4_high",8.79665318964068
"25025030302","Q4_high",7.86053240891812
"25025030400","Q4_high",5.3068318622215
"25025030500","Q4_high",5.89952520600245
"25025040100","Q4_high",5.13236894231069
"25025040200","Q4_high",5.43756030061498
"25025040300","Q4_high",5.93791455835124
"25025040401","Q4_high",6.35457468835463
"25025040600","Q4_high",6.45782251302593
"25025040801","Q4_high",6.29211453336918
"25025050101","Q4_high",7.05709034216984
"25025050200","Q4_high",3.7842105757933
"25025050300","Q4_high",5.23064021928072
"25025050400","Q4_high",4.69109470929983
"25025050500","Q4_high",7.70209654948097
"25025050600","Q4_high",5.11377786334075
"25025050700","Q4_high",5.46384747249075
"25025050901","Q4_high",7.37092979677871
"25025051000","Q4_high",6.83527183734969
"25025051101","Q4_high",7.77498557770699
"25025051200","Q4_high",7.48129168140384
"25025060101","Q3",5.03081721748361
"25025060200","Q3",6.56267246874402
"25025060301","Q4_high",5.73041058913183
"25025060400","Q4_high",4.70249951230372
"25025060501","Q4_high",5.51141718859421
"25025060601","Q4_high",5.57964776570923
"25025060602","Q4_high",7.72709892354141
"25025060603","Q4_high",8.17937123157354
"25025060604","Q4_high",7.98372304268043
"25025060700","Q4_high",7.28641098881897
"25025060800","Q4_high",4.49692373807808
"25025061000","Q3",6.57204499371075
"25025061101","Q3",5.77148697550718
"25025061201","Q4_high",7.85125570670825
"25025061202","Q3",9.29018423088953
"25025061203","Q4_high",6.46170184188628
"25025061204","Q4_high",8.84132306612653
"25025070102","Q4_high",5.72362909004103
"25025070104","Q4_high",8.05442932047531
"25025070201","Q4_high",10.8328287335063
"25025070202","Q4_high",8.05130979623044
"25025070301","Q4_high",8.30158712672333
"25025070302","Q4_high",7.95347378136987
"25025070402","Q4_high",7.70024507299523
"25025070501","Q4_high",5.55301361440793
"25025070502","Q4_high",5.54568134258572
"25025070600","Q4_high",5.82751239436343
"25025070700","Q4_high",8.36814422567618
"25025070801","Q4_high",5.19802601825231
"25025070802","Q4_high",5.26016397863445
"25025070901","Q4_high",5.02932519815315
"25025070902","Q4_high",4.65172996260771
"25025071101","Q4_high",4.70440536175096
"25025071201","Q4_high",6.72265960558845
"25025080100","Q4_high",6.86856768872739
"25025080300","Q4_high",8.38465909473931
"25025080401","Q4_high",9.58199385478394
"25025080500","Q3",6.09240670731656
"25025080601","Q4_high",6.60621035177032
"25025080801","Q4_high",8.47953215612885
"25025080900","Q4_high",4.96933289415958
"25025081001","Q4_high",12.5233489749613
"25025081101","Q4_high",5.51481768151004
"25025081102","Q4_high",8.76913222748933
"25025081200","Q4_high",5.70217443725424
"25025081301","Q4_high",5.73985530849577
"25025081302","Q4_high",8.63526084449242
"25025081400","Q3",6.35321937504589
"25025081500","Q2",5.57639607464169
"25025081700","Q3",6.90909880647189
"25025081800","Q3",4.26540555520632
"25025081900","Q3",6.20102573919527
"25025082000","Q4_high",7.94383169332309
"25025082100","Q3",4.99043300220444
"25025090100","Q3",4.44647517523612
"25025090200","Q4_high",7.80914040005432
"25025090300","Q3",7.73308086736715
"25025090400","Q3",5.69436281852495
"25025090600","Q4_high",7.12075867737948
"25025090700","Q4_high",8.73684059189945
"25025090901","Q4_high",7.90424404616704
"25025091001","Q4_high",8.2294345829765
"25025091100","Q3",4.94591364820496
"25025091200","Q4_high",5.0496610486649
"25025091300","Q4_high",8.21821698277901
"25025091400","Q4_high",6.47309996295489
"25025091500","Q3",4.69808626833964
"25025091600","Q4_high",5.32086705689758
"25025091700","Q3",4.55327793554123
"25025091800","Q4_high",8.26878743441427
"25025091900","Q2",5.64132319307153
"25025092000","Q4_high",5.67654513477397
"25025092101","Q4_high",7.27960793130966
"25025092200","Q4_high",5.94358373764431
"25025092300","Q3",4.88211243018321
"25025092400","Q3",5.66228176250593
"25025100100","Q3",6.88266705260933
"25025100200","Q3",5.207135333988
"25025100300","Q2",5.14848989179388
"25025100400","Q3",5.77253766039356
"25025100500","Q3",3.87696257953249
"25025100601","Q3",5.96230341835276
"25025100603","Q4_high",6.43233089947905
"25025100700","Q3",3.77955994095954
"25025100800","Q3",6.01845558186989
"25025100900","Q4_high",7.0011182319229
"25025101001","Q3",5.28079216833594
"25025101002","Q2",4.39683913049573
"25025101101","Q3",6.22166483706807
"25025101102","Q3",5.97009151956063
"25025110104","Q4_high",4.99858784196528
"25025110105","Q3",5.60715874371073
"25025110106","Q4_high",6.27993437813407
"25025110201","Q3",5.41969148787278
"25025110301","Q3",6.07327573681376
"25025110401","Q3",4.95449111130858
"25025110403","Q2",6.15290017199588
"25025110501","Q2",5.94175259288102
"25025110502","Q4_high",5.39172417376972
"25025110601","Q2",6.87766487185309
"25025110607","Q4_high",6.64119158630809
"25025120103","Q4_high",6.00731884282306
"25025120104","Q3",6.83311668129157
"25025120105","Q4_high",7.0406525490792
"25025120201","Q4_high",5.39219653790366
"25025120301","Q4_high",6.26107451887738
"25025120400","Q4_high",4.22310676754331
"25025120500","Q3",5.03844028989742
"25025120600","Q3",5.5434434818475
"25025120700","Q4_high",7.65365993659791
"25025130101","Q3",4.2375348387956
"25025130200","Q4_high",4.75356792862169
"25025130300","Q3",5.48421392312425
"25025130402","Q3",3.27485198653632
"25025130404","Q2",7.40959473481197
"25025130406","Q3",6.25696525991493
"25025140102","Q3",6.75550558654014
"25025140105","Q2",7.38017073122223
"25025140106","Q3",7.20229622556461
"25025140107","Q2",7.43213991078095
"25025140201","Q4_high",10.6284013366142
"25025140202","Q2",4.7668527637104
"25025140300","Q3",5.77196866759838
"25025140400","Q2",4.92687112773876
"25025160102","Q3",6.34803783503579
"25025160103","Q3",6.52917204091692
"25025160200","Q4_high",6.28837054248062
"25025160300","Q4_high",5.10181315524446
"25025160400","Q4_high",5.8637791119928
"25025160501","Q3",4.24720753310138
"25025160502","Q4_high",9.2715275658919
"25025160601","Q4_high",8.54349258578095
"25025160602","Q3",8.14046730945742
"25025170101","Q3",4.99806743494802
"25025170102","Q3",6.08876001367756
"25025170200","Q3",5.88196540020828
"25025170301","Q3",4.18335965766859
"25025170302","Q3",6.4636372178761
"25025170400","Q3",6.32649235736253
"25025170502","Q3",7.19188570502336
"25025170503","Q2",6.24337680742638
"25025170504","Q3",5.7456042657208
"25025170601","Q3",3.73319211636103
"25025170701","Q3",5.25081174022976
"25025170702","Q3",6.69620144281596
"25025170800","Q2",3.57319204121034
"25025180101","Q2",3.29251293126679
"25025180200","Q3",4.93711933312589
"25025180301","Q3",5.63231736224938
"25025180400","Q2",4.25198088200638
"25025180500","Q3",6.25723812377706
"25025980300","Q1_low",8.42306463510892
"25025981100","Q1_low",6.27113352702596
"25025981202","Q4_high",10.4300344644113
"25025981300","Q4_high",13.1706530938138
"25025981501","Q2",8.16701781587286
"25025981502","Q3",9.88214100744925
"25025981800","Q4_high",10.7913946600991
"25025981900","Q4_high",13.5527155836779
"25027700100","Q1_low",5.64523116864466
"25027701101","Q1_low",5.28678044679008
"25027701102","Q2",5.90592021182376
"25027702201","Q1_low",7.16139018031338
"25027702202","Q1_low",5.18301339448287
"25027703100","Q2",5.36452540639074
"25027703200","Q1_low",8.10381719910889
"25027703300","Q1_low",4.95017828173885
"25027704201","Q1_low",6.38147639644186
"25027704202","Q1_low",4.70045430993971
"25027705101","Q1_low",5.88729722098393
"25027705102","Q1_low",6.01599596895633
"25027706100","Q1_low",5.93804379078279
"25027707100","Q2",6.15959113624786
"25027707200","Q4_high",7.23506874514607
"25027707300","Q3",5.3210142513286
"25027707400","Q1_low",4.95834721387895
"25027707500","Q2",5.05445999859421
"25027708100","Q1_low",6.93190110558054
"25027709100","Q1_low",5.66219442242154
"25027709201","Q2",5.77352832287334
"25027709203","Q2",6.1784488669896
"25027709204","Q3",5.49095384729414
"25027709400","Q3",6.61275660246504
"25027709501","Q2",8.05424131678574
"25027709502","Q2",6.85659112372631
"25027709600","Q4_high",4.78493935364624
"25027709701","Q3",5.74242192567393
"25027709702","Q4_high",4.5848741721488
"25027710100","Q3",5.52913127269518
"25027710200","Q1_low",6.13020840722891
"25027710300","Q2",7.97174144907824
"25027710400","Q2",5.35678271132863
"25027710500","Q3",10.4238559366223
"25027710601","Q2",6.91205625383945
"25027710602","Q2",5.75398017981813
"25027710700","Q4_high",4.33406639250321
"25027710800","Q2",6.34653576541808
"25027711000","Q3",5.90932934529902
"25027711100","Q1_low",6.36105220027302
"25027712101","Q1_low",5.90864524179251
"25027712102","Q1_low",7.90473258068342
"25027713100","Q1_low",4.99866253385972
"25027715100","Q1_low",5.47378246371096
"25027716101","Q1_low",5.50608679540815
"25027716102","Q1_low",5.9332048844593
"25027716200","Q3",6.66798395937416
"25027716300","Q4_high",6.38591214381819
"25027717100","Q1_low",4.04632901511696
"25027718100","Q1_low",6.28592501140464
"25027719100","Q1_low",4.39660421857935
"25027720100","Q1_low",5.76375370319607
"25027721101","Q1_low",4.85762704130165
"25027721103","Q1_low",6.00767198514
"25027721104","Q1_low",5.98338250611309
"25027722100","Q1_low",6.49108397255754
"25027723100","Q1_low",7.1186383294491
"25027724100","Q1_low",5.48948493378575
"25027725100","Q1_low",5.44329729597565
"25027726100","Q1_low",6.00340852425684
"25027726200","Q2",6.28602524893513
"25027727100","Q1_low",6.86282221981254
"25027728100","Q1_low",6.25386320305515
"25027728200","Q1_low",4.6779430688917
"25027728300","Q2",5.26073672720959
"25027728400","Q1_low",4.25024921769004
"25027729100","Q1_low",6.09336224228121
"25027729200","Q2",4.58587737941744
"25027730100","Q3",5.49588932766926
"25027730200","Q2",6.16429660496236
"25027730300","Q3",7.27191947886646
"25027730401","Q4_high",6.89775638402237
"25027730402","Q3",7.49276552687628
"25027730500","Q4_high",4.95734332724704
"25027730600","Q2",6.32619746306451
"25027730700","Q2",4.38152275331267
"25027730801","Q1_low",6.74682895780919
"25027730802","Q2",4.89527492887973
"25027730901","Q2",5.51800740158907
"25027730902","Q2",4.42442208958981
"25027731001","Q2",8.89668856988789
"25027731002","Q3",4.70047332063788
"25027731101","Q3",6.04381198383693
"25027731102","Q3",6.01621407549265
"25027731202","Q4_high",11.252151026477
"25027731203","Q4_high",5.53150298888623
"25027731204","Q4_high",5.80611301348127
"25027731300","Q3",6.44516200196803
"25027731400","Q4_high",6.22132118479882
"25027731500","Q4_high",6.76845952887851
"25027731601","Q4_high",6.89368830256018
"25027731602","Q4_high",9.28660309792002
"25027731700","Q4_high",5.64816291177792
"25027731801","Q4_high",3.31497243530287
"25027731802","Q4_high",6.65846386078694
"25027731900","Q4_high",8.49746567520158
"25027732001","Q3",9.70485157595832
"25027732002","Q4_high",5.42756589115721
"25027732201","Q4_high",6.92852475573465
"25027732202","Q2",6.61079588491586
"25027732203","Q3",6.20092988122342
"25027732301","Q3",4.47655240089389
"25027732302","Q2",4.99255612584135
"25027732400","Q3",6.21379518809438
"25027732500","Q4_high",6.6628973482917
"25027732600","Q2",5.09720100652086
"25027732700","Q3",6.46016977434007
"25027732801","Q3",6.20885088618389
"25027732802","Q2",9.15450560438753
"25027732901","Q4_high",10.0448314067085
"25027732902","Q4_high",10.4356900791599
"25027733000","Q4_high",8.74854151545649
"25027733101","Q3",6.85495513519323
"25027733102","Q4_high",5.23511749618064
"25027735100","Q1_low",6.17788538858002
"25027735200","Q1_low",6.08109066360783
"25027736100","Q2",7.50269522693429
"25027736200","Q1_low",4.90564118808186
"25027736300","Q3",6.16969688907415
"25027736400","Q2",7.4726349725348
"25027736500","Q2",5.41295587033794
"25027737100","Q2",7.37575291978836
"25027737200","Q3",5.37962255577224
"25027737300","Q1_low",5.20159641104081
"25027738100","Q1_low",4.515891977426
"25027738201","Q1_low",4.65160425252462
"25027738202","Q1_low",4.68454285220133
"25027739101","Q2",6.72868008964879
"25027739102","Q3",7.80526599627007
"25027739201","Q3",6.06517342388001
"25027739202","Q3",4.27921976664081
"25027739300","Q2",4.89160679556755
"25027739401","Q2",5.76610496648936
"25027739402","Q1_low",4.36549956277221
"25027739500","Q1_low",6.95364912163846
"25027740101","Q2",5.0758108997417
"25027740102","Q2",9.13378795302101
"25027740200","Q2",4.86707397556291
"25027741101","Q2",6.87112456670641
"25027741102","Q2",7.95602455202482
"25027742300","Q3",4.53583195890932
"25027742401","Q1_low",7.95871101950417
"25027742402","Q2",5.23610702796492
"25027743100","Q1_low",3.73613605995505
"25027744102","Q2",3.95564082929746
"25027744103","Q1_low",4.61051995024295
"25027744104","Q1_low",5.79093884640121
"25027744201","Q2",5.96167469295007
"25027744202","Q4_high",7.35017333679573
"25027744300","Q4_high",4.85063768893021
"25027744400","Q4_high",7.031792562483
"25027745100","Q2",6.08752389643538
"25027746100","Q1_low",4.77125978388411
"25027747101","Q1_low",8.33052055777756
"25027747102","Q1_low",6.05598511314532
"25027748100","Q1_low",3.68236973748653
"25027749100","Q1_low",7.06398629731445
"25027749200","Q1_low",4.83370489901758
"25027750100","Q2",6.72254441053644
"25027750200","Q1_low",6.53365974274363
"25027750300","Q1_low",6.77997208691319
"25027751101","Q1_low",7.12013980580796
"25027751102","Q1_low",5.96361200889277
"25027752101","Q1_low",5.63783210221017
"25027752102","Q1_low",3.87254983414976
"25027753100","Q1_low",6.94703633827932
"25027753200","Q2",4.87385247814186
"25027754100","Q2",6.58416463752113
"25027754200","Q3",5.43846651710354
"25027754300","Q3",5.88286409825687
"25027754400","Q2",8.0338193955019
"25027755100","Q2",4.94319593819706
"25027755201","Q1_low",7.630002028717
"25027755202","Q1_low",8.12093958087116
"25027756101","Q1_low",6.22012845772933
"25027756102","Q1_low",6.36788725294868
"25027757100","Q1_low",5.67789560310937
"25027757200","Q4_high",6.43005704478601
"25027757300","Q4_high",7.26940471268857
"25027757400","Q2",7.301307713883
"25027757500","Q1_low",5.61422766501177
"25027758101","Q1_low",7.39897578373112
"25027758103","Q1_low",6.7581425051922
"25027758104","Q2",6.23846371626274
"25027759100","Q1_low",4.8327287275692
"25027760100","Q1_low",4.8420306326539
"25027761100","Q1_low",5.28533194278254
"25027761200","Q3",7.24011191068916
"25027761300","Q2",8.75347523349131
"25027761401","Q1_low",5.45658725959377
"25027761402","Q2",8.06454714189562
