"seed","ari","nmi","n_vertices","n_communities"
1,0.0364376770395387,0.0482324824155959,156,13
2,0.0350876167092164,0.0462532240082061,160,13
3,0.0261051559884852,0.0436923046345657,157,13
4,0.0304715042212411,0.0527160083748185,150,14
5,0.0332416532977997,0.0426419022949115,162,14
6,0.0201533096716064,0.0332328224931537,154,12
7,0.0142355115320679,0.0302309301462641,170,13
8,0.0274040445266608,0.0385528291053372,158,15
9,0.0270035072064034,0.0378845681290787,151,14
10,0.0220464329284879,0.0322422177245599,151,13
11,0.0437066273859962,0.0522733517079171,155,14
12,0.0302177797567533,0.0383344124513837,156,13
13,0.0346529430317317,0.0397947227618922,161,13
14,0.00950265169537967,0.0254092273515954,149,13
15,0.0393249566692077,0.0493548823398393,155,13
16,0.0198769036079604,0.0382356353501805,160,14
17,0.0267574628551843,0.0505600633896514,148,14
18,0.0299985430635024,0.0388898077086262,160,13
19,0.0242223447433174,0.039684054446566,154,13
20,0.0251628439816958,0.036138657412255,150,15
21,0.020499625012107,0.0280987778359028,159,13
22,0.0300433176802792,0.047132666386208,156,14
23,0.0255235358337408,0.0409472609617718,153,14
24,0.0454566856637885,0.0557858501138096,161,14
25,0.0477870603753995,0.0564835560593156,154,12
26,0.0162158777399871,0.0482574581599729,163,13
27,0.0257789261189905,0.0431061521872891,160,13
28,0.0303222528685179,0.0470216095094948,153,15
29,0.0422615664261424,0.0569699505529054,160,13
30,0.0172762000157994,0.0330431743189171,151,12
31,0.0167268899205086,0.0308431365097683,153,15
32,0.00595625654527408,0.0329267377483635,146,14
33,0.0274790511845914,0.044831871776275,156,12
34,0.0272412892528686,0.0480058345465538,157,14
35,0.0334991653938608,0.0450871905609844,160,14
36,0.018733281441295,0.0267166633578801,164,13
37,0.0233344943633096,0.0395637728081183,152,13
38,0.0178501634907742,0.041923929925648,145,13
39,0.00573365730061799,0.0195821800372665,146,15
40,0.0126271168859408,0.0319522639247406,160,15
41,0.0276730947180512,0.0470854761026826,159,14
42,0.0477272940935394,0.0531780008950467,153,14
43,0.0257145011035797,0.0355578643213584,163,13
44,0.0261729302377298,0.0445228352275422,153,14
45,0.0384647315628079,0.0566229331186341,159,13
46,0.0287232236853056,0.0397322565208827,146,13
47,0.0183754037811984,0.0385216405453222,161,14
48,0.0213369614604158,0.044933138087236,150,13
49,0.0174213141961149,0.0329131638139365,156,14
50,0.0433336081071887,0.0578837038148304,158,13
51,0.0260559705982852,0.0406606895441239,160,13
52,0.0149237283743023,0.0268241600458862,154,14
53,0.0244583106928777,0.0416030913813112,163,13
54,0.0191533508291534,0.0443369722307781,160,14
55,0.0390771493850344,0.0437295725423249,155,12
56,0.0179034986557912,0.0288913897375653,159,13
57,0.0197604782678333,0.0319157028514876,159,14
58,0.0357780027353385,0.0496206470795931,166,14
59,0.0379277616740715,0.0490477905822993,152,13
60,0.0132481881346302,0.0330780314273953,158,14
61,0.0187156620065766,0.0341062076399305,151,13
62,0.0167445527740026,0.0390150328020297,155,15
63,0.0311186380995184,0.0451315650636826,159,14
64,0.0240471638419823,0.0457673608065744,166,16
65,0.0397851776113961,0.064539528259634,160,14
66,0.0189063532421885,0.0249652946872013,163,12
67,0.018506227953887,0.025723247145806,160,12
68,0.0195997093506443,0.0386180311918829,157,15
69,0.0329393530104883,0.0587571393537963,159,14
70,0.0172536669566511,0.0265254083702774,152,12
71,0.0249580537358243,0.040962995406678,153,13
72,0.0458685952738033,0.0590185880607651,165,13
73,0.0135682343865398,0.0303767615534753,157,14
74,0.0285931907585419,0.0337204089767532,156,13
75,0.0288183286539767,0.0415628702465464,159,13
76,0.0311245136951492,0.0394748425701136,152,12
77,0.0200380724748688,0.0370129068326576,168,14
78,0.0261779355670351,0.042634732165185,157,14
79,0.0221199813177763,0.0292066468831109,151,12
80,0.016103257865771,0.0279327796918897,137,15
81,0.0234557600656406,0.0389846903403562,159,15
82,0.0206685286538394,0.0338381749021322,152,13
83,0.0410207104648803,0.0491501820954115,158,14
84,0.0350276281058723,0.0477232789227382,156,13
85,0.0281701503934318,0.0350988606059283,157,12
86,0.0315611171323255,0.0476645053985707,156,13
87,0.0266255014778844,0.0401990533734682,167,13
88,0.0263871378129971,0.0401964799528824,162,13
89,0.0373738532777036,0.0517486962401159,155,13
90,0.0224974219510418,0.0438765488423841,164,13
91,0.037810737916896,0.0443121587886522,157,13
92,0.0413376652365659,0.0456189928786303,165,13
93,0.0211171549295584,0.0278263697031656,151,12
94,0.0441648648702082,0.0509012653837665,149,12
95,0.0333006778515832,0.0545855341672872,159,14
96,0.0301992574688643,0.0442475999086441,150,13
97,0.0385570198594477,0.0570182315576124,165,13
98,0.0292799545333233,0.0362620826477606,156,12
99,0.0316606698154829,0.0548540631637808,154,12
100,0.0294815162042688,0.0496962116329998,154,14
101,0.0100579117963626,0.0340660610398305,161,14
102,0.03459469712321,0.0436408927849852,155,13
103,0.0166295690416554,0.0280999233869989,148,13
104,0.0285347049179553,0.0370652229996912,149,14
105,0.0327404198180237,0.0535952489301846,163,14
106,0.049214018154777,0.0599812900414572,157,14
107,0.0287074897422426,0.0396828910407189,151,13
108,0.0173646233445513,0.0300970386978227,158,13
109,0.015453862199956,0.0330929126546797,162,13
110,0.0391813084470647,0.0572129526304684,150,14
111,0.0287951233375341,0.0439627580933443,153,13
112,0.0148260980524629,0.023116583699113,156,12
113,0.0286694720724346,0.0474730931077589,161,12
114,0.01935566651118,0.0377424199958745,161,14
115,0.0250302698429071,0.0443633443458505,162,14
116,0.0161743326458359,0.0315636369955113,153,15
117,0.021853772133212,0.0383801529279408,158,12
118,0.0209488649831344,0.0399079078867239,153,13
119,0.0356283345065474,0.0414647004922825,159,12
120,0.0421648638575092,0.0552176367733272,160,14
121,0.00879540427833667,0.0211751915647359,157,13
122,0.0141653691414657,0.025274083213977,156,13
123,0.0235826818418499,0.029716960276835,162,12
124,0.0210460798784251,0.0313474967210045,156,14
125,0.0189151771887266,0.0291317204232747,158,14
126,0.0358403256396551,0.0507797059372374,155,14
127,0.0315658515264459,0.0508392298708809,150,13
128,0.0120796738027981,0.0310383726423115,153,12
129,0.0234099035837828,0.0318970268494516,156,13
130,0.028492881623904,0.0441800006515592,153,14
131,0.0211210406171236,0.0333382685164262,156,14
132,0.0131643206009555,0.0351299579458228,159,14
133,0.0227431676316992,0.047138556450224,158,14
134,0.0391813621806374,0.053305987303172,161,15
135,0.022729998683443,0.0329655322488203,152,13
136,0.0239931155539982,0.0426621315788118,153,14
137,0.0155735248862518,0.0269295890021849,151,13
138,0.0165994400112223,0.0233709531105553,159,12
139,0.0242313864253379,0.0353098098903652,153,14
140,0.0415771565547796,0.0568662930862042,158,13
141,0.0102113723555301,0.0214159392126405,154,13
142,0.0376552674711068,0.0507690154654859,156,12
143,0.0430116898067849,0.0579634275662112,160,12
144,0.0292373123137751,0.0441395813537371,156,13
145,0.0363063941628357,0.0475726507127075,162,13
146,0.0166869775101306,0.0324476480058435,159,12
147,0.0365509368895274,0.0584093809345935,156,12
148,0.0188488956463671,0.0325271227172359,166,12
149,0.0377087640853651,0.0441311719187222,158,13
150,0.0252287115170149,0.0473912542739984,152,13
151,0.0119761497679682,0.0218587593441885,158,14
152,0.0185115466071816,0.0414542472824114,163,13
153,0.0179729599827563,0.0420311797935231,154,12
154,0.0265260938019989,0.0480539051519378,163,13
155,0.0296732847789871,0.040525595309432,161,13
156,0.0463049415902859,0.0634013048995468,164,14
157,0.00956901225715058,0.0180149398240423,158,13
158,0.0187147902028045,0.0372634134965433,159,13
159,0.0202096929956699,0.0387086037946827,158,13
160,0.0151148016425287,0.0260498894031092,146,13
161,0.00864061372491859,0.0251808843563748,145,15
162,0.0218151345229511,0.0509781223826225,156,14
163,0.0322796292185876,0.0489021129695221,164,13
164,0.0246859534363756,0.0456561395217305,148,13
165,0.0142146952818326,0.0263843749125647,153,13
166,0.0379729656517135,0.0453869869870023,148,13
167,0.0138327186213299,0.0382949048974261,153,13
168,0.0264973971876591,0.0442169596861982,160,13
169,0.0158884052475386,0.0370710021890941,154,13
170,0.0338510757621741,0.0419140091021579,153,15
171,0.0281480804200114,0.0414311610653559,165,12
172,0.0253869163237018,0.032152971057981,152,13
173,0.0198932414350117,0.0325962894192433,152,16
174,0.0118878649447513,0.0286954976831859,148,14
175,0.0289735104218143,0.0495814501659675,151,13
176,0.0270315486214959,0.0520685635214798,155,14
177,0.0255127151675623,0.0347648541618152,160,14
178,0.0281861364521837,0.0477365228761989,161,13
179,0.0263750171615036,0.0349141299865074,151,13
180,0.00357220705628366,0.0247667257625352,157,14
181,0.0525963320928812,0.0613702021946078,165,13
182,0.0224266908205876,0.0480373677800243,166,13
183,0.0181572539484698,0.0491958863789814,161,13
184,0.0261601895810441,0.0395720868677781,154,14
185,0.040611528394031,0.0534778078245079,159,13
186,0.0455018898193268,0.054676229817569,163,14
187,0.0224967302392111,0.0404898735122174,157,14
188,0.0188040717727799,0.0419327044534086,153,14
189,0.0139684723707703,0.033587851543568,149,13
190,0.0245459658982055,0.0375968845684075,152,13
191,0.0141135081083611,0.0378247871992675,161,14
192,0.0283802012408148,0.0486092051893188,163,13
193,0.040512608177595,0.0483526814636279,149,14
194,0.0280138542362449,0.0414146300727209,156,14
195,0.0215501808399304,0.0440965174263629,149,13
196,0.0267786209277075,0.0423582951760162,161,13
197,0.0350718842908425,0.0451310820592388,154,14
198,0.0252388902081806,0.0346206918919439,147,12
199,0.0569164794816411,0.0669966548801826,151,15
200,0.026325513433639,0.0400058607206186,156,13
201,0.0227918687370603,0.0537827416047401,158,15
202,0.0352439625667117,0.0426838401594642,150,13
203,0.0201336952368392,0.0297218616179797,157,13
204,0.0133974659143962,0.0222710763837446,151,12
205,0.0272671156927129,0.0391385051045105,156,12
206,0.0281935642560034,0.0517281112340443,158,12
207,0.0071870026547247,0.0226814138960727,154,15
208,0.0424192899434894,0.0482944263161902,147,13
209,0.0303230702471981,0.0382103316197579,154,13
210,0.0113072406611716,0.0302013769971132,150,12
211,0.020494784943035,0.0404249954702568,160,13
212,0.028207977037804,0.0473427367081854,158,14
213,0.0237133917300962,0.0322322870534125,159,14
214,0.0223240292964973,0.035749391041319,153,12
215,0.038283457313484,0.04482949484491,153,14
216,0.0231137861573596,0.0393942647951938,155,13
217,0.0304040690825389,0.0427192687908907,164,13
218,0.020493782996824,0.0417156985097836,160,13
219,0.0245912519346493,0.0335561135467392,160,13
220,0.0271592971042069,0.0415851471732589,154,14
221,0.01659824869138,0.0294388023447845,152,13
222,0.041125786940293,0.0494461464591252,157,12
223,0.0498015227963551,0.0607219112931128,144,12
224,0.0239880185768782,0.0430230667810628,162,15
225,0.0240244381874387,0.0500967986205005,154,14
226,0.041504387513366,0.0577384228173499,158,16
227,0.0365861913392675,0.0505293976675307,155,14
228,0.0279188253083449,0.0439096415548988,159,14
229,0.0207396721675692,0.028072219373593,167,12
230,0.0194825352118859,0.0395145402349815,159,14
231,0.0225619744152889,0.0418483104026559,159,13
232,0.0141061742099327,0.0345407426173169,158,14
233,0.0294982374748671,0.0436871181226401,156,14
234,0.0225285936690385,0.0335893365871675,156,14
235,0.0167880835728303,0.0461221097667836,167,12
236,0.0285286800639206,0.0400426997099476,168,12
237,0.0332446017026691,0.0409146773994921,154,12
238,0.0153431445752692,0.0370012897613307,157,14
239,0.0186272609309669,0.0397382726853921,153,13
240,0.028719269618449,0.0385434768728454,156,15
241,0.0126582591625145,0.0279021973403065,155,13
242,0.0312099180000089,0.0450196858419948,155,13
243,0.0207103917091943,0.036671109135592,146,14
244,0.0312836163434978,0.0546685033562689,154,14
245,0.0193477944916743,0.0376579905544766,162,12
246,0.0263541495314867,0.0454290492654518,158,13
247,0.0340015971166153,0.0442399343657554,145,13
248,0.0161943980945742,0.0438180162715443,161,14
249,0.0350029113242379,0.0456158030725948,157,12
250,0.0418911716360749,0.0531504806107633,153,13
251,0.0369815059804022,0.0624687564094746,139,13
252,0.0347270778277492,0.0507061076288486,159,15
253,0.0329919556458729,0.0422638359975422,155,12
254,0.0375647601344901,0.0478852624510006,162,14
255,0.0268599806326134,0.0438640597256428,147,12
256,0.0400718086927394,0.0622491838917604,164,13
257,0.0136878592475983,0.0253631600104393,152,12
258,0.0283302436712079,0.0553528736733068,155,12
259,0.0412757907321091,0.066896180029407,158,13
260,0.0297769892716467,0.0450462637336419,159,15
261,0.0224763697963299,0.0481649609300473,155,14
262,0.0188178743139311,0.0397470125712432,150,14
263,0.0144328647830602,0.0209686057874112,157,13
264,0.0119864512693749,0.030361435289838,160,15
265,0.0232472107871152,0.038587202832802,161,13
266,0.0193994587058715,0.037952489328337,148,12
267,0.0229519155707878,0.0502032133485297,157,13
268,0.00836679858600643,0.0343501061214057,163,15
269,0.0157904330157973,0.0275229255472191,150,12
270,0.0290634957215757,0.0532780277471544,157,13
271,0.0199149964944242,0.0322933913325887,156,14
272,0.0301594001359596,0.0431069793567024,150,12
273,0.0248968107956494,0.0417155805995863,156,13
274,0.0237462142384759,0.033055120159662,154,13
275,0.0280296086483054,0.0392489019847263,150,16
276,0.029892968219262,0.0362247639072456,159,12
277,0.0306297339316175,0.0432044021362877,155,12
278,0.017871903171295,0.0313890413840853,154,14
279,0.0613232825276358,0.0765412461756675,149,14
280,0.0227438004490224,0.0455386084566464,163,13
281,0.0160189141593758,0.02675806182634,157,13
282,0.0244965311366672,0.0434661954292082,158,13
283,0.0325366894651762,0.0407123601658095,157,14
284,0.0180277219373691,0.0359864554269865,159,12
285,0.0307520494760739,0.0431991190729909,160,14
286,0.018721752352572,0.0479824265141896,150,14
287,0.0142264421221243,0.039056773658536,155,15
288,0.027154690002709,0.0333470601591269,156,13
289,0.0236966220944297,0.0397116002079521,157,13
290,0.0172640155010017,0.0420973470555299,158,15
291,0.0197034673357679,0.0330886244865394,164,13
292,0.0162155893857056,0.0337077569944989,150,15
293,0.0271894929872488,0.049931166951655,153,15
294,0.0332075565718951,0.0534170409394335,153,14
295,0.0168145089278367,0.0297603011583915,149,15
296,0.0113811241949214,0.0251497974312538,161,13
297,0.0339839138522945,0.045083261667346,156,14
298,0.0146107709015035,0.0350888755018938,155,13
299,0.022335353908486,0.0329464070102824,146,14
300,0.038730713054889,0.0509868919174795,150,13
301,0.0242706509265901,0.0363102337474339,153,13
302,0.00734668645006057,0.0154254180717767,164,12
303,0.0252062414068196,0.0345322521215396,151,14
304,0.0324957796277196,0.0416139270642526,159,13
305,0.0289002418532612,0.0343786026638372,158,14
306,0.0270555792449693,0.0481706962314203,150,12
307,0.0291278305613712,0.0371019224394486,159,13
308,0.0348403605598494,0.0569981461817481,156,13
309,0.0175435163793418,0.0426896622515365,161,15
310,0.0315593631076148,0.0481424592170245,160,13
311,0.0202364436129142,0.0353718247981143,161,14
312,0.0479076192342773,0.0571088316752305,152,13
313,0.0285241683459901,0.0410079977186557,150,12
314,0.0390235548523718,0.0592043916131004,159,13
315,0.0208431796677543,0.0300740123837596,156,13
316,0.0398571514855846,0.0539994573019133,154,13
317,0.024691760593176,0.0328924508425936,161,13
318,0.0424464615981006,0.0590537360121784,155,14
319,0.0171032059036906,0.033200905028248,156,12
320,0.0357089074190121,0.0442487041971257,164,13
321,0.0302925302889044,0.0403799019193249,157,13
322,0.0222607556982811,0.0394243817945946,161,13
323,0.0189810903156997,0.039538696231514,154,13
324,0.0189901300381666,0.0370604250141595,155,16
325,0.0172265568688126,0.0437158604541205,156,13
326,0.0318496378142473,0.0508105166799316,162,14
327,0.0366154268171018,0.0487989317624295,147,14
328,0.0135439495558775,0.02828392330721,147,13
329,0.0202602213439147,0.0358748483920506,155,13
330,0.0359465212800926,0.0540259604348111,158,13
331,0.0108200960878897,0.0245261046922767,162,13
332,0.0174302882354092,0.0296527792456732,149,13
333,0.0362805539987755,0.0483578590728941,153,13
334,0.0153874232347634,0.0277269100669412,160,12
335,0.0334193419564291,0.0426458791355733,150,13
336,0.0473430401949635,0.0547813897454191,160,14
337,0.0528928184257406,0.0661305156381324,158,13
338,0.0380664253087727,0.0469276026606137,152,12
339,0.0159356145149038,0.0382756621201795,154,14
340,0.0210599975972125,0.0374329437933555,152,14
341,0.0226563733290434,0.0342347459457308,152,13
342,0.038988459504927,0.0476061493659219,159,13
343,0.0198340899008441,0.0267135168702231,164,13
344,0.0258503509235773,0.0431906701873239,151,13
345,0.0323177100392475,0.0537213725248086,153,12
346,0.0203378824259435,0.0318485568435104,158,14
347,0.0337855082217665,0.0409016731771327,158,13
348,0.0276742075954414,0.0381471174388844,154,14
349,0.0391825688378727,0.0552308543496506,159,12
350,0.0137885805490043,0.030979259398033,146,13
351,0.0239931929127991,0.04600079907479,152,13
352,0.0280545965536096,0.0448945089227374,164,14
353,0.0284247794533393,0.0392617857299941,162,13
354,0.0215948803758957,0.0405371399595571,160,14
355,0.041325901419984,0.0602287337289941,160,13
356,0.0183671802137818,0.0308168393510299,150,14
357,0.0354473304015617,0.0526040768074854,152,13
358,0.0303225274754225,0.0416363505521111,154,14
359,0.0199827921275884,0.033816360853026,159,13
360,0.0239327226937915,0.0420188887208319,163,13
361,0.0269988497405421,0.0358502054638568,153,13
362,0.0140327754339027,0.0369442812535062,160,13
363,0.0341271470548624,0.0586267885850479,159,13
364,0.0228324474220514,0.032740195427832,162,13
365,0.0334580065845274,0.047102930776331,158,13
366,0.0261079632754375,0.0326928282027964,161,12
367,0.0259791776729281,0.0489077109361818,165,16
368,0.0303403952052146,0.038091821136249,157,12
369,0.0177482529894673,0.033350272984566,162,14
370,0.0243661156863258,0.0338482603303012,158,14
371,0.0249310801158283,0.0429856870893163,156,13
372,0.020184851464828,0.0271943413140618,157,13
373,0.0295608884340975,0.0549425252356331,153,12
374,0.0449563581186633,0.0561068170172089,154,14
375,0.0300344510804991,0.0462329320078844,156,12
376,0.0203574472055042,0.040220248574645,153,13
377,0.0387823894203666,0.047013939151002,151,13
378,0.0243729488324591,0.0460471643897481,162,13
379,0.0302091475160758,0.0542116846725319,150,13
380,0.0291613727292406,0.0399403903784886,161,13
381,0.0265779433438859,0.0360750624139189,143,12
382,0.0104127455926508,0.0382128305768736,155,13
383,0.0242989448712751,0.0351041665346082,158,12
384,0.0301360304212463,0.0388630498480848,151,15
385,0.0113680805009413,0.0353477391038951,155,13
386,0.035879390919857,0.0554919328114795,161,12
387,0.0154982690584369,0.0385543791411684,150,13
388,0.0130032570134513,0.0327696443168197,152,14
389,0.0336681909954056,0.039692816110321,156,15
390,0.0232938716335461,0.0416745219544579,161,13
391,0.0280065691835667,0.0489619429824286,160,13
392,0.0288682178338153,0.0411699707540594,152,14
393,0.0275312457431207,0.0397239841922842,158,16
394,0.0358863193298872,0.0491182661915276,150,15
395,0.0197515332191477,0.0393972479750847,149,14
396,0.0371498854038585,0.0446444319557075,159,13
397,0.0123955419628201,0.0272677627838947,154,14
398,0.0252983459027561,0.0323280393286713,161,13
399,0.0347758952696905,0.0389688240106823,156,12
400,0.024845331680659,0.0441970878800354,159,12
401,0.0381249438643311,0.0433908340427955,154,13
402,0.0145603149284835,0.0361080495739146,154,14
403,0.023070944048798,0.0436526160327715,155,13
404,0.0224942931258977,0.0410282414766303,147,13
405,0.0331017830478225,0.0475568107297002,161,13
406,0.0243711829419494,0.0448800809606328,153,13
407,0.0287525064905481,0.0393578940034884,160,14
408,0.0326462634079079,0.0449779047549701,160,14
409,0.0230800167794555,0.0312214921790805,152,14
410,0.0334730583284556,0.0507867693280923,157,12
411,0.0274962111284278,0.0480329930408989,157,14
412,0.0290696991675948,0.0529036070365593,164,13
413,0.0237967054395529,0.0334117399913657,159,15
414,0.0435686825943903,0.0532321304587486,164,14
415,0.0384346830462439,0.0606224026366631,153,14
416,0.0270220150360715,0.0366234298611122,153,14
417,0.0349350729055953,0.0557527642397413,155,13
418,0.035993698385693,0.049974694786339,151,12
419,0.0198486101089958,0.0453879706155612,157,15
420,0.0329626527361149,0.04200699965165,152,13
421,0.0444810038472529,0.0678390984294699,162,15
422,0.0158822131990989,0.0330251548098098,149,13
423,0.029121152791366,0.0441713307216953,154,15
424,0.0144422359824319,0.0357627472120602,154,13
425,0.0232232635688107,0.0477712270972342,159,13
426,0.026932497711696,0.0397648563944029,152,13
427,0.0371342255248308,0.0448884363872934,156,14
428,0.023215230593598,0.0331376789052599,148,12
429,0.0170953169798872,0.0334390261931055,160,13
430,0.0300918948192883,0.0354588877329165,164,13
431,0.0163395257244069,0.0556932134339094,152,14
432,0.0607652764630235,0.0698428317713352,161,14
433,0.0282572376938679,0.0503588463692247,170,14
434,0.0137881159758653,0.0408765661973589,164,12
435,0.0112799160161171,0.0306442131261436,156,14
436,0.0426330945416493,0.0461448383537656,150,12
437,0.026459923819404,0.0348678431966432,160,12
438,0.0168390638916888,0.0369944756954643,151,13
439,0.0362352787907188,0.0448220326626128,158,13
440,0.0231379938448121,0.0344558691789684,154,13
441,0.0326618939950256,0.059018155676556,150,13
442,0.0284075921661206,0.042782476029628,168,14
443,0.0371585692322951,0.0502869286671719,158,12
444,0.0174665133558153,0.0395004878353162,156,14
445,0.028259024070152,0.0431097533682402,153,13
446,0.0273317911479277,0.0528257283476477,163,14
447,0.0406820375696106,0.0536291188747072,156,13
448,0.0302654956472465,0.0429649546361178,152,12
449,0.0230928126327823,0.0383215616773844,158,16
450,0.0218222826448536,0.0322755668570589,148,13
451,0.0294353810255256,0.058005505760266,159,13
452,0.0203221789641149,0.0450505036034115,162,14
453,0.022775294335747,0.0460851176578754,146,14
454,0.0289212997317706,0.045489870747633,152,14
455,0.0142176684561835,0.0250379106148645,162,13
456,0.0253267535876552,0.0355001962164339,161,13
457,0.011778008956371,0.0202945387937196,157,13
458,0.00859061517278798,0.0199858125866765,155,13
459,0.0187364174944334,0.0376432422277288,151,13
460,0.0260129760565305,0.0479510293628015,169,13
461,0.0263825090688685,0.0371383140283887,155,13
462,0.0288420344706672,0.0498406805051677,166,14
463,0.0258376519153359,0.035332887482086,149,14
464,0.0291364316803001,0.041202964764731,159,12
465,0.0195306484373099,0.0349748439140022,155,13
466,0.0229576040187221,0.0360471950904021,152,13
467,0.0165278603560536,0.0331327323885691,158,13
468,0.0196318259636579,0.0388028542256952,156,14
469,0.0303538289290708,0.0406658892466226,161,14
470,0.049277757873922,0.0523510066921945,156,13
471,0.0259725314765887,0.0361476441451769,149,13
472,0.0582668295173424,0.0756998130101453,159,13
473,0.0203099715992846,0.02919218207352,152,14
474,0.0437566637754587,0.051360746170539,162,13
475,0.013246010492772,0.0278598090008165,152,14
476,0.0569867511661106,0.0661513295768404,153,16
477,0.0213692740621029,0.043952163188592,160,14
478,0.0233741221792338,0.0382280055510105,159,12
479,0.0476477189268098,0.0552478000626262,149,12
480,0.0418498322610523,0.0651167902080822,157,14
481,0.0300554319143229,0.0370250490553635,150,12
482,0.032315798926468,0.0480017995346686,159,13
483,0.0181773535404894,0.0313989475906709,160,12
484,0.0479944630153738,0.0609346842525429,154,13
485,0.0470317173651098,0.0507799220266894,146,13
486,0.0224131547516858,0.0392534617482251,160,13
487,0.0355604240138605,0.046206094623055,142,14
488,0.0179171340291922,0.0403720470675747,160,14
489,0.0280005805028439,0.0464541713036552,165,14
490,0.030573324321088,0.0377475462257422,161,14
491,0.0271455309849995,0.0374670582481554,165,13
492,0.0321073894573864,0.041636341026616,157,15
493,0.0246210331498192,0.0428304216261218,158,13
494,0.0108102760081961,0.0209213083887041,151,12
495,0.020832661629636,0.0286778802500411,169,13
496,0.0244166014249062,0.0309029777454462,158,12
497,0.028442160584986,0.0388106686042002,164,14
498,0.0311709888528058,0.0496427722156636,153,13
499,0.033813607727485,0.0471316759845944,145,13
500,0.0225844905940091,0.0384248778406552,147,12
501,0.0207497735430911,0.0440823783267476,150,13
502,0.022731208404154,0.0299104279179611,157,12
503,0.0144191756618579,0.0235683312945008,157,13
504,0.00930481777646878,0.0332760866651255,162,13
505,0.0191108185618399,0.0334972343258874,147,13
506,0.0130320713515434,0.0198991355123408,154,12
507,0.0290563063598873,0.052890520287976,143,14
508,0.0232835167567289,0.0403200328815746,160,13
509,0.024375805128758,0.0308500563327792,157,13
510,0.0103728818293373,0.018552734172846,165,14
511,0.0468276461768839,0.0530832846591012,161,14
512,0.0387618584164662,0.0559080224804156,158,14
513,0.0381639558068159,0.0482721148312153,156,15
514,0.0285026544310498,0.0362221406610063,158,12
515,0.0141364205857513,0.0399164341181096,154,13
516,0.014104924168331,0.030358445543193,154,13
517,0.035742219559824,0.0493360244338582,159,13
518,0.017895242781162,0.0399056953575613,154,12
519,0.0168377211349846,0.0508003805558715,157,13
520,0.0311570182807037,0.0366290553808958,157,13
521,0.0247027243946583,0.0331654638220668,160,13
522,0.0297743136080418,0.0352481588335632,149,13
523,0.0277956664454589,0.0473718634984661,162,12
524,0.0410408633085093,0.0565382088960079,151,15
525,0.0198141584302565,0.0424620767072588,147,14
526,0.0298193209985282,0.0404353062271039,157,12
527,0.0215314171127452,0.035923427959736,158,16
528,0.0162666402802011,0.0453432827530981,161,13
529,0.0261603869988341,0.0359170109221923,154,14
530,0.0367732004739367,0.0589283519359739,158,14
531,0.0217546796948902,0.0342256024913101,147,13
532,0.0401925326615067,0.0540761257216883,152,14
533,0.0154249822427898,0.0421005529671316,171,14
534,0.0127680027564703,0.0248939108347964,167,13
535,0.0155840747479235,0.0334278325812787,152,14
536,0.00536953563349884,0.0207459988603727,159,14
537,0.0287983601640774,0.0378198886291456,155,14
538,0.00815560996112066,0.0191611946986318,143,12
539,0.0261183346071179,0.0343720275468999,158,13
540,0.0115696142036639,0.0410642500508454,161,12
541,0.030011570414521,0.0489359788681557,150,14
542,0.0233704920232018,0.0405161119276646,162,14
543,0.0130350411197279,0.0453426710066337,150,14
544,0.023888659803081,0.038592568593884,154,15
545,0.0233950398074487,0.0403339023873066,157,13
546,0.0185421905330973,0.0381921938897282,150,13
547,0.0152928529210344,0.0335799185903438,169,13
548,0.0354983780550316,0.0441030674816272,159,13
549,0.0468799296846266,0.0512831049751411,163,12
550,0.0215404976791413,0.0450772225879987,161,14
551,0.00858570507332928,0.0260416080711545,152,15
552,0.0288246989656268,0.0520467358641316,152,13
553,0.0170905557541009,0.0375979831243336,142,12
554,0.0705725674795962,0.0709430481197291,158,14
555,0.0256023366203289,0.0486806616702455,168,13
556,0.0184342111015009,0.0352812081611993,159,14
557,0.0277363845046983,0.0390043764030255,161,13
558,0.0250513337892135,0.0384784426515572,159,14
559,0.0330102996273049,0.0396463747661174,146,13
560,0.0261437967289884,0.0365883104132707,163,13
561,0.0327959985691523,0.0422770958470128,149,13
562,0.0288587723830164,0.0408418723178701,167,12
563,0.0375549295922735,0.0543525953643509,156,13
564,0.0175032550369167,0.0437652344181173,156,13
565,0.0108399230336956,0.0208422651087808,153,15
566,0.0212547199259339,0.0499608670823212,163,13
567,0.0180398208331412,0.0346592008379361,152,12
568,0.0161747456203365,0.0290361533911687,151,14
569,0.0330169065625493,0.0567492356085447,163,15
570,0.0370648317037226,0.0519241738426006,165,13
571,0.0194342823037488,0.0406938754267152,162,12
572,0.02395945586673,0.0418733777957102,153,13
573,0.031648703129046,0.0391522270539216,146,15
574,0.018110209580904,0.0310606426128877,151,14
575,0.0421726742144164,0.0604128241799708,154,14
576,0.0174069041002706,0.0300591735240648,153,13
577,0.0255954023499557,0.0361875116532008,160,13
578,0.0391942173344691,0.0484927561018956,159,13
579,0.0106873666287722,0.0181282656282217,157,12
580,0.0271108766954183,0.0481499632805888,155,15
581,0.0293619351545348,0.0448075727100083,157,14
582,0.0358146924625026,0.0569427334098335,157,13
583,0.0315974347301316,0.0388143740584942,148,12
584,0.0380173211318528,0.0536479713824133,159,14
585,0.042133157219586,0.0571996748304943,162,13
586,0.0285907415044777,0.0388515869336008,158,15
587,0.00940582542770122,0.0189068184565806,157,14
588,0.0209316617068004,0.0442083723371852,162,12
589,0.0219797416056549,0.043936609172334,153,13
590,0.0143492090468065,0.0304508064166558,154,14
591,0.0199325438352582,0.0291768273501133,165,12
592,0.0229770117718747,0.0386355971890038,153,14
593,0.0463026907180402,0.0536223439111116,145,14
594,0.0333955725524563,0.043970642260634,156,14
595,0.0493128000740398,0.0563963542538856,153,12
596,0.0127078375194482,0.0264559171725307,152,13
597,0.0260618441479372,0.0400945754710618,141,13
598,0.015819932062631,0.0354820596390334,156,13
599,0.0124158129506217,0.0375487178863298,157,13
600,0.0190074114625606,0.0298733263111137,156,13
601,0.0233424802561397,0.0399409180881137,154,13
602,0.0506225272851169,0.053387996478113,153,14
603,0.017686477352065,0.0356284920458087,147,14
604,0.013275496539085,0.0441270798230937,161,13
605,0.0319022049565802,0.0448956815128421,159,13
606,0.0208143495234534,0.0356164084098847,156,13
607,0.0148558487353282,0.0305693018817015,155,13
608,0.0289452631853332,0.0428511767455875,157,13
609,0.0333215807781809,0.0510347367073608,150,14
610,0.024721669420619,0.0500230015851353,158,13
611,0.0315259033020964,0.0428701317939923,162,12
612,0.0251280213891699,0.0434572602723829,158,13
613,0.0204710361332235,0.0447342387769584,157,12
614,0.0325772415646306,0.0445114020919687,145,12
615,0.0251376726577839,0.0346563009628263,158,13
616,0.0354376678538443,0.0478288290414098,159,13
617,0.0242135897263246,0.0407923393310862,152,15
618,0.00929673077497056,0.0253802001780138,158,14
619,0.0374172779581956,0.0466440325907349,145,12
620,0.0182825187454296,0.0275221416044102,167,14
621,0.0416728418558801,0.0694837078655385,154,13
622,0.0168178656560761,0.0306771223023126,144,14
623,0.0278575317787055,0.0442525276161584,162,14
624,0.026967868440836,0.0471385572097475,145,13
625,0.0169759534985712,0.0290620237367278,156,12
626,0.0332485244968866,0.0526542228963532,160,13
627,0.0106996263085649,0.0341975881048832,148,13
628,0.0262673452944543,0.0584950419478381,157,13
629,0.0159907753797856,0.0272348122249616,161,13
630,0.0202477288544352,0.0410708831416022,166,14
631,0.0428465927047027,0.0507569261346248,156,13
632,0.0187021252101932,0.0455122369320891,159,13
633,0.0358888718746445,0.053873755966916,148,14
634,0.0243738646067433,0.0339805133678945,152,14
635,0.0162146174866673,0.0307802225591662,157,13
636,0.0230406593858989,0.0370970701901856,164,13
637,0.0255216333742654,0.0396704445594783,150,12
638,0.0465749949104438,0.0573834166331981,156,15
639,0.0264387319976122,0.0402652335065581,158,13
640,0.0151331139095016,0.0382180625871578,145,13
641,0.0175501397549982,0.047830085162704,153,12
642,0.00311954488474251,0.0115904138125942,171,12
643,0.0380788100116448,0.045065932112196,150,13
644,0.0134126345139539,0.0274886406655548,159,13
645,0.0169996025101993,0.0346947531331162,157,12
646,0.0302962059838211,0.0524964911757393,149,14
647,0.0235925783116675,0.0516412053057489,161,12
648,0.0133589311996002,0.0332002717686752,155,13
649,0.0270961930365474,0.0376157606104383,166,13
650,0.0190008459692942,0.0518957538636484,168,13
651,0.00206924206141979,0.0206295254138523,151,14
652,0.021517136779353,0.0302248018080051,151,14
653,0.0157995655161761,0.0407659015901474,161,13
654,0.0280870098945716,0.0348407751607504,155,13
655,0.0151285319797792,0.0371087559567394,146,13
656,0.0060900656182369,0.0202985533105804,148,14
657,0.0384033390425907,0.0569179082674893,159,12
658,0.00942437930893343,0.0314134309610767,145,14
659,0.0517251705396476,0.0688282173800571,155,14
660,0.0200355093798793,0.0410197228367033,161,13
661,0.0176701233448898,0.0409100805800137,163,13
662,0.0139668780016102,0.0260069414989904,145,13
663,0.0177055383835389,0.036631024403612,161,13
664,0.0225268953014861,0.0492144379323112,155,13
665,0.00991772033026613,0.024741188590716,154,13
666,0.0295953765467517,0.0389681059983959,160,14
667,0.0384222766667383,0.0595621227823038,151,14
668,0.03679102864327,0.0467083569540069,149,13
669,0.0131165490314533,0.0237344821384831,154,13
670,0.0377021709647614,0.0610704173298878,150,13
671,0.0313411111846374,0.0453374897343134,152,13
672,0.0175552750672861,0.0352918871119727,152,13
673,0.025985589592161,0.0350401841021347,163,13
674,0.0217680482888593,0.0416920005677526,153,14
675,0.0227592204932233,0.0332880568088474,158,12
676,0.0143005690970976,0.0305722524189106,152,12
677,0.0172646921043199,0.0308344349167189,153,14
678,0.0231931731666881,0.0397571094413477,147,13
679,0.0237853459914321,0.0401621390876949,162,13
680,0.0157938292176732,0.0380407258744366,161,13
681,0.019548091270201,0.028658209310232,149,13
682,0.0240933476615732,0.0384521092930509,168,13
683,0.027866638289326,0.034692421436278,159,13
684,0.0534914040845816,0.064778478703221,161,13
685,0.0281161031300469,0.0462383292631753,160,13
686,0.0208212214782958,0.034929402151979,161,14
687,0.0189850567356703,0.0379114800769725,148,13
688,0.00836363394138462,0.029761507338698,157,12
689,0.0374299286356774,0.0503878570913065,156,13
690,0.0337465489820776,0.0523153253227108,159,14
691,0.0288514957554124,0.0456073377277042,154,13
692,0.0250924995096039,0.0464841712504522,164,13
693,0.0244141298638245,0.0336020560352388,164,13
694,0.038125358553252,0.0498988203473579,149,13
695,0.0206535169728742,0.0391519488133601,148,14
696,0.0196319880010564,0.0360069075752072,159,13
697,0.0247993987582365,0.046795964955152,157,13
698,0.0284482647740988,0.0467938977245128,168,13
699,0.0189260474513663,0.0492208287874204,158,13
700,0.0405835133262396,0.0459823607238585,164,13
701,0.0206278645708681,0.0403528919077421,159,14
702,0.0285883423687912,0.0395814943813282,164,13
703,0.0315628713131146,0.0505845903217216,154,14
704,0.0290697119937837,0.0360417836667507,150,13
705,0.0156729372671569,0.0341101320329426,159,13
706,0.04096583661728,0.0471007092098428,155,12
707,0.0130792496748504,0.0251930158620094,147,14
708,0.0339368636657055,0.0395702690792153,152,13
709,0.0254501666521225,0.0346974488544556,156,15
710,0.022952041067933,0.0486324216472438,157,13
711,0.0271734873101439,0.0433435929031578,159,12
712,0.0287649167706987,0.040363062029296,144,13
713,0.0317056913478928,0.0570571189808136,145,13
714,0.0189643907459846,0.0376025287905984,154,14
715,0.0163573559087129,0.0426280854745782,162,14
716,0.0275865009784802,0.0324119339769238,157,12
717,0.0190150602286541,0.0264293987963564,160,12
718,0.0345956274320492,0.0438453702067415,160,14
719,0.0166765123690011,0.0272274937902049,150,13
720,0.0276286729157144,0.0427363030184536,147,13
721,0.0281622639149934,0.0446079017998148,167,12
722,0.0192327208011631,0.0475874274895842,153,13
723,0.0240849711786161,0.0328040039976563,151,13
724,0.0342088664960033,0.0476280305696182,154,13
725,0.0282861530515055,0.0394314072436895,158,14
726,0.02232286917697,0.0345122485307535,155,15
727,0.00431340763109913,0.0168902708873807,157,13
728,0.0276113000612546,0.0467218347830211,155,13
729,0.0381101467910517,0.0558080372060367,166,14
730,0.0201215643597544,0.0389041098377684,162,14
731,0.0308690882690154,0.0498197712499176,163,14
732,0.0382619290391229,0.0512683015582536,155,13
733,0.0427591583741313,0.0522620873013765,156,13
734,0.0159356606177695,0.047640606913062,157,13
735,0.0160028239557819,0.0419171011874329,166,12
736,0.0330603351908678,0.0452869951885375,151,12
737,0.0175315454688128,0.0413630989117077,157,12
738,0.0249256301955017,0.0310261028344971,149,12
739,0.032845726732712,0.0444075522353383,156,15
740,0.0299998421910864,0.0439593335901035,164,13
741,0.0299300755916144,0.0400428292121534,155,13
742,0.0436230425160007,0.0538577339613113,150,14
743,0.0329120738707939,0.0592722155781743,150,13
744,0.0214252370791499,0.0460641245713438,155,15
745,0.0181422311767887,0.0278114669212445,158,12
746,0.0385430945313993,0.0598700638000654,157,15
747,0.0298394064680745,0.0477258728474733,164,12
748,0.0145954466415683,0.0343327438656327,161,13
749,0.0152804112203237,0.03739562993715,160,14
750,0.0414704571454084,0.0538220324859558,154,13
751,0.0327537539455676,0.0482452258897328,160,12
752,0.0297726019343707,0.0493907330483529,155,12
753,0.0319690911929334,0.0484632823258736,148,13
754,0.017698731862782,0.0487449252458451,162,12
755,0.0341041876220882,0.0560422180975855,163,14
756,0.0286585873777723,0.0489771318931668,157,12
757,0.0142436707788282,0.0273200409140774,158,13
758,0.0276213364059328,0.049067322937082,161,15
759,0.015911910453272,0.0375265367325029,160,13
760,0.0259493484686384,0.0354724249523981,152,13
761,0.030116787566292,0.040085742153996,153,13
762,0.0150598037288422,0.035580712933012,157,13
763,0.0401202188298437,0.0523361635121483,162,15
764,0.0394206519433948,0.0562014163124964,147,13
765,0.0170746149911354,0.0303662130889689,153,14
766,0.0122413580271124,0.0338600246679018,161,13
767,0.0145424890193404,0.0363044993204838,151,13
768,0.0142921939931796,0.0264334837047988,158,12
769,0.0241399483715104,0.0436827822989283,161,12
770,0.0405122155892855,0.0566276914050057,148,15
771,0.0126444312619587,0.0307699401944468,165,13
772,0.0285961240011149,0.0560200707347716,165,15
773,0.0197084236055521,0.0365364695366992,152,13
774,0.0247655201627212,0.048062381621217,158,15
775,0.0277848254081651,0.0608808645159857,156,14
776,0.0221290590449667,0.0518567905739519,158,14
777,0.018044337564237,0.0314738822725583,164,13
778,0.0189904277843374,0.0317938948257449,157,12
779,0.0222742169044289,0.0304265860579147,155,13
780,0.0230393456619864,0.0334106844507044,156,12
781,0.0176026348073882,0.0379325794470291,150,12
782,0.0376635335730841,0.0480576819506815,150,12
783,0.00479904199248664,0.0198813257826271,155,14
784,0.0424995962559813,0.049233871009893,150,13
785,0.0128381880705834,0.0351595474682108,160,16
786,0.0199292926293254,0.0356271595618791,159,12
787,0.0123601839506509,0.0273192403868495,157,13
788,0.0299476860630498,0.0425918912280348,153,13
789,0.0235151734182159,0.0387103580743031,160,13
790,0.0271613395783219,0.045141087336053,152,13
791,0.0218082690206886,0.0358494685461922,168,13
792,0.023651513682193,0.035196891905926,149,14
793,0.0181663798438179,0.0340973934589122,153,14
794,0.033447105761054,0.0596343243756595,144,14
795,0.0204948602328696,0.0387470397640637,151,14
796,0.0278146962912955,0.0401591835789999,153,13
797,0.022663568912477,0.0397859536970098,164,13
798,0.024873246674596,0.0365338293865226,147,12
799,0.0144426810325429,0.0460285904848158,151,12
800,0.00950205036588139,0.0197854660145984,151,13
801,0.0159239251779806,0.0313341295004639,152,14
802,0.0102935604488779,0.026189456634042,149,13
803,0.0247734995392072,0.0421406344100446,157,15
804,0.031324569837989,0.0378622806445831,160,12
805,0.0250164543556521,0.0448073279461146,143,14
806,0.0240537321751172,0.0316387017794209,147,14
807,0.025157862077066,0.0437510088043765,156,13
808,0.0137738135063469,0.0205299751364438,150,12
809,0.0369712670426622,0.0470439840398357,148,13
810,0.0172458397118909,0.0310241113405487,158,12
811,0.020647619678778,0.0450128969491313,146,12
812,0.038781009171335,0.0542749351493376,154,13
813,0.0452062855907499,0.0569576987437836,160,13
814,0.0274978115768239,0.0325959628617589,160,12
815,0.0192607795312377,0.0422201884932156,153,13
816,0.0214642487681353,0.044287182726958,162,14
817,0.0215853422115527,0.0478835898946673,160,13
818,0.0240501579143631,0.0369767947845842,149,13
819,0.0278322729749723,0.0421355460887373,150,13
820,0.0129448743129527,0.0432440139304351,156,13
821,0.0287920259867643,0.0362204975988079,147,14
822,0.0232277650268659,0.0531157538571728,155,13
823,0.0279089581616594,0.0436270410337365,156,14
824,0.0230097868435709,0.0538423027258443,156,13
825,0.0339595142726312,0.0475564276610163,157,13
826,0.024527107750323,0.0401506123432283,169,14
827,0.0216542185162973,0.0395889505779876,149,14
828,0.0116252028057576,0.0286819034519711,159,13
829,0.0510380704274801,0.0747948708676626,157,14
830,0.0342699587964241,0.0580888048978884,154,13
831,0.0153975667687769,0.0359072682017514,157,12
832,0.0178574912826552,0.0390517210668729,157,13
833,0.0616675293895574,0.0654470282670586,148,14
834,0.0227621684574556,0.0314759795759027,168,12
835,0.0321737186041404,0.050059085152154,160,13
836,0.0199557716162755,0.0361687105138222,157,14
837,0.0168571820301829,0.0317499779775747,157,14
838,0.019234837054378,0.0265791286359516,160,12
839,0.0333669041001468,0.0487596884338132,145,13
840,0.0187222449943932,0.023765402884796,155,13
841,0.0440263194786173,0.050309163068648,159,13
842,0.029590583995445,0.0520729260464132,151,14
843,0.0313247189537322,0.0543273773388389,156,13
844,0.0242790431406789,0.0527503653900271,150,12
845,0.019428145740168,0.0383838897946877,158,13
846,0.0132719420951656,0.0289459413625262,165,13
847,0.0361080530836218,0.0460024280400887,157,12
848,0.0231728692595561,0.0425908265279512,156,13
849,0.0310697054430815,0.05290987949419,163,13
850,0.0427781326403211,0.0492246206367303,155,13
851,0.0174469867073517,0.0269119181913522,158,13
852,0.00755030499014611,0.0328938322859117,155,14
853,0.0454917768639272,0.0685096232874678,166,14
854,0.0262910968940059,0.0445599764287453,152,12
855,0.024630363861739,0.0404513223526315,150,14
856,0.0503660686413338,0.0591714124469942,148,12
857,0.0174353069536555,0.045120992877216,150,15
858,0.0284767275734433,0.0419912411563494,161,15
859,0.0264228033061674,0.0393923266453473,162,13
860,0.0279114788804924,0.0508055463470651,149,13
861,0.027610132896811,0.0491458689348541,158,13
862,0.0167589396650354,0.0289759051913141,158,13
863,0.0192519862022954,0.033905163002393,160,14
864,0.0181710531562665,0.0382848870389473,166,12
865,0.0297647504648894,0.0433649206709098,144,12
866,0.0306105590489212,0.0443956460497542,157,12
867,0.018938619912903,0.0270135316524914,167,13
868,0.0200469158875556,0.0406359042249374,157,15
869,0.0247666246657748,0.031795674078458,155,13
870,0.030429533303966,0.0388370879449635,159,13
871,0.0447131291627471,0.0537700248222435,142,12
872,0.0351638839955268,0.0544455133581678,147,13
873,0.0336813847863696,0.0531540358316587,155,13
874,0.0275455558923355,0.0473606763079243,158,13
875,0.0166261990071438,0.0337314346489242,157,13
876,0.0214941920338304,0.0402596538846463,155,13
877,0.0287313400012956,0.0492659904302637,162,12
878,0.0188953541540205,0.0435022573065234,150,13
879,0.0315000439825734,0.0420655846879179,158,13
880,0.0252207616619879,0.0394026553142413,171,12
881,0.0351210380127357,0.0504243959351431,159,13
882,0.0243593874889894,0.030735107682856,160,12
883,0.0158207145040072,0.0268942674128865,150,13
884,0.0323483927396419,0.0547083118805639,154,13
885,0.0209209123509718,0.0405942814640265,157,13
886,0.0228759888372035,0.0390556084012444,164,13
887,0.0208529825907809,0.0375750071141363,152,12
888,0.0194975602647746,0.0434282446484054,160,15
889,0.00621882093114881,0.0206080040643365,157,14
890,0.0295693753020687,0.0425526139928986,159,13
891,0.0273802408952796,0.0394946300739702,155,15
892,0.024946391730387,0.0504514286499712,162,13
893,0.0166176315090842,0.0301609020833685,153,12
894,0.0341751690447329,0.0461984242932373,146,15
895,0.0204147071839107,0.0353950991315319,153,14
896,0.0292599122765802,0.045228069884586,154,13
897,0.014628309277032,0.0305923802481801,160,14
898,0.0225169542727441,0.0417003840351746,150,13
899,0.0387917327225489,0.0494219326534721,159,15
900,0.0133184214157544,0.0230413526832234,161,13
901,0.0064052193359732,0.0171743473266047,151,13
902,0.0175277721656809,0.0337518389378824,150,14
903,0.0218893698078807,0.0389222389006535,156,14
904,0.0344978791062678,0.0409677879367375,157,12
905,0.036651005911974,0.0482699149084652,151,13
906,0.0405640011347818,0.0502171268243408,161,13
907,0.0186901093019176,0.0362488631518714,161,14
908,0.0104539247504045,0.0311924086608457,154,14
909,0.0356881749753905,0.0463805730357916,163,13
910,0.0111758716128641,0.0356648457564839,138,15
911,0.018226194445025,0.0397748520451467,149,12
912,0.0293810184646818,0.0461141932573429,157,13
913,0.0246388633399631,0.0423246024881087,150,15
914,0.0296590740880101,0.038005006642246,152,13
915,0.015075722940955,0.0339901300976018,150,13
916,0.0200718071232595,0.0336744565799215,145,13
917,0.0216078240982565,0.0379176497156993,144,13
918,0.0208656829053682,0.0366984843229168,153,13
919,0.0403912051307781,0.0529017178860367,158,14
920,0.0195020638674975,0.0300738501243973,154,13
921,0.0166913220216147,0.0417502091051705,157,15
922,0.0186336027212438,0.0386472886291289,144,15
923,0.0416097257741047,0.0514397248761053,152,12
924,0.0318864065335028,0.04780215514202,156,14
925,0.0321456871931465,0.0398764103068312,149,14
926,0.0278219021347439,0.0446620685465376,148,13
927,0.0386052967372958,0.0455551493552608,157,13
928,0.025890290150043,0.036310392075904,159,13
929,0.0167136092049939,0.0451199452809764,150,13
930,0.0341253186838984,0.0449267352161613,151,15
931,0.0395911009281063,0.0621397234830952,156,13
932,0.0208054200752107,0.0439508653352643,142,13
933,0.0150096599781066,0.0382125688961029,157,13
934,0.0327191814766707,0.0424215113322915,163,12
935,0.0138614882943119,0.0338079642231589,166,14
936,0.0447133616056691,0.0510900893205177,154,12
937,0.0245711963466284,0.0445843704512138,153,15
938,0.0349192161711478,0.0644871221398883,161,13
939,0.0214036326484339,0.0313180199964597,155,14
940,0.0496907989530551,0.0533814229509353,159,13
941,0.0264896161634699,0.0390621318820356,158,14
942,0.031762806395238,0.0463320101905699,160,14
943,0.0210104620563442,0.0494647713918006,159,14
944,0.0200047373938959,0.0368093063798422,148,13
945,0.0136560715041408,0.0212599804196667,155,12
946,0.0371405163703128,0.0600680845574512,158,13
947,0.034652451102387,0.0454054675303852,163,14
948,0.0218771179722115,0.0375957340079742,159,13
949,0.0199914013973023,0.0357105655485778,150,14
950,0.033375970885292,0.0383858222774876,159,13
951,0.0312663921383277,0.0439833761065935,159,15
952,0.0146077616165909,0.0245900776098778,147,13
953,0.0126031790982713,0.0304048820583889,160,15
954,0.0315679394663868,0.0461600000421789,160,14
955,0.0192648766514473,0.0423575992719724,158,15
956,0.0311015073818556,0.0475684777925226,165,13
957,0.0297573989405574,0.0478920286568079,160,15
958,0.0307964249797097,0.0512960162537677,153,13
959,0.0211486446901824,0.0496590722139889,158,14
960,0.0152943164595029,0.0256735121813866,156,12
961,0.0223559293005566,0.0443651054910398,151,15
962,0.0253752916839247,0.0547736467711508,151,15
963,0.0343862765024665,0.0551761485337463,155,15
964,0.0267047602828712,0.0349208212304902,164,13
965,0.028691914063416,0.0489299622255071,155,13
966,0.0295901294021677,0.0459354212926284,158,13
967,0.0197908248273096,0.0318515642923477,150,14
968,0.025709926767856,0.0416122584490798,144,12
969,0.0292901466193545,0.05050490495204,155,16
970,0.0230457019390849,0.0360535269982362,151,14
971,0.034144904805571,0.0438072211260856,151,13
972,0.014594332435451,0.0361076510054,156,13
973,0.0079349096642222,0.0329215365571088,158,12
974,0.0219162746998991,0.0478549797040464,156,13
975,0.0287602488645871,0.0362283221236223,168,13
976,0.0230733461902395,0.0337637978576513,151,13
977,0.0267504235885395,0.0354679374540441,163,13
978,0.00903575684615004,0.016644567390349,149,12
979,0.0401222082828183,0.0635536600284449,151,14
980,0.0268186191053497,0.0395110493612981,146,12
981,0.0345052929480729,0.0594905369611992,164,12
982,0.0281684596002196,0.0409624937204255,155,16
983,0.0176435087441427,0.0366550652352379,156,13
984,0.0279122620781785,0.0422333113540652,165,13
985,0.0162056367343951,0.026200121627457,158,14
986,0.0316758134277411,0.0410065433899016,153,12
987,0.00852901729499673,0.0225257529010964,161,14
988,0.0302776386467831,0.0521110992536637,155,13
989,0.0208452364209229,0.0418997991841931,153,13
990,0.0228087417629492,0.0360938987758151,158,13
991,0.00539948145561962,0.0203704589748112,155,14
992,0.0362348220497428,0.0451670485216353,152,13
993,0.0250719302453438,0.0430059870270798,149,15
994,0.0337025740909371,0.0549936145124157,156,13
995,0.0125853669690768,0.0236231643420754,152,14
996,0.0221380678926305,0.0290237605375622,158,13
997,0.0271357874305321,0.0390981247176817,167,13
998,0.0331151103206475,0.0488611708525671,158,12
999,0.0184673052527187,0.0357469719614252,173,14
1000,0.0187430508152011,0.0291296978691085,161,13
1001,0.0249298834790567,0.0371073742173272,172,12
1002,0.0342470508948173,0.0459520017892879,151,14
1003,0.0174564341604194,0.0334012220149694,156,13
1004,0.0187379705918763,0.0392979730567498,163,13
1005,0.0219752626827767,0.0405995828092816,163,14
1006,0.0184931368993123,0.0329173743480325,160,14
1007,0.022495698836921,0.0352350061427738,147,13
1008,0.0171605125848378,0.0330485459456523,153,15
1009,0.0296324495434885,0.041042287213036,165,13
1010,0.0188091162230012,0.038042050176619,162,13
1011,0.0252559068811828,0.031885354940585,158,12
1012,0.013076065617985,0.0323300387215712,162,13
1013,0.019385432696082,0.0340675594575566,147,14
1014,0.0425617682826205,0.0465461898549282,155,13
1015,0.0145714948009781,0.0237412471627629,157,13
1016,0.0334425692541026,0.04600834905541,151,14
1017,0.034650521738855,0.0515391419372213,156,13
1018,0.0358486207037757,0.0486203409588058,165,13
1019,0.0224536198606048,0.0337317900781316,153,14
1020,0.0321985226672329,0.0478765379704247,168,13
1021,0.021984362908765,0.0428493763502678,143,13
1022,0.0219769258039289,0.0406984105898004,150,14
1023,0.0210365887975438,0.043277276892772,159,12
1024,0.031908307086879,0.0395671577123407,160,15
1025,0.0155575347644333,0.0340411224207747,151,13
1026,0.0134323222043726,0.0228842513678792,164,13
1027,0.0355172927764265,0.0464696279148718,158,14
1028,0.0167609241620652,0.0319849377075134,164,14
1029,0.0176107141422272,0.0467983193713379,164,12
1030,0.0205641966571156,0.0317033039773376,159,14
1031,0.0637867071048874,0.0808307322864814,160,13
1032,0.0230564013540838,0.0495556559879762,154,13
1033,0.0497698383553051,0.0546613584458787,149,13
1034,0.0364369687240362,0.0459304871232872,150,14
1035,0.023939826975993,0.031908069581089,153,13
1036,0.0123989590338591,0.0298996854774756,161,12
1037,0.0234688745278681,0.0344507442311599,154,12
1038,0.0225046333358245,0.0496224933224023,157,13
1039,0.0292170076255806,0.0465007437569501,157,13
1040,0.0400909921028809,0.0528747090193225,157,14
1041,0.0379560632038393,0.0694786153987933,157,13
1042,0.0277000954067168,0.0463564281431597,154,13
1043,0.01709245995066,0.0339346008346696,162,12
1044,0.0346076132484721,0.0485827067560049,151,12
1045,0.0269104111845644,0.0519432522983764,159,13
1046,0.0255909247550637,0.0313662134361587,154,14
1047,0.0100628290062598,0.0316005701667716,146,14
1048,0.0253895710443369,0.0402770432269351,155,13
1049,0.0173797241504254,0.0422119279401057,154,12
1050,0.0194508640924432,0.0487412392629704,152,15
1051,0.0200896831431968,0.0484266618343991,158,14
1052,0.022429994524367,0.0420859797823512,147,15
1053,0.0205041499087247,0.0280306003227105,157,13
1054,0.0205329136716956,0.0463688591559456,149,13
1055,0.0220644346727855,0.0423936649624377,160,13
1056,0.0391908149730723,0.0488471298195173,153,14
1057,0.028737096514878,0.0437440792542388,159,13
1058,0.0127003611133724,0.0267951543527976,151,14
1059,0.0247442228727178,0.0301996094696986,160,12
1060,0.03351040847652,0.048622306012509,159,12
1061,0.020138810633547,0.0288066458568358,151,13
1062,0.028481705620097,0.0379353862631416,166,14
1063,0.0259128326368275,0.0412431952042425,156,14
1064,0.0469555767427649,0.0589128338299112,160,12
1065,0.0227501717179897,0.0410518798898765,155,13
1066,0.0242480556522433,0.0326009846095085,152,12
1067,0.0229329949709916,0.0464211135072149,159,13
1068,0.0297585149025962,0.0428732802056205,149,14
1069,0.0228693185329129,0.0405256227312099,141,16
1070,0.016791662991488,0.0271299925365922,160,13
1071,0.0322065302998298,0.0497005019423464,156,13
1072,0.0248763914653293,0.0451711863033285,165,14
1073,0.0243022938630054,0.0361327890494115,145,12
1074,0.045330147912288,0.0566946963545613,156,13
1075,0.0171787550316496,0.0288297773589036,157,13
1076,0.0292221216293131,0.0416678740382023,148,14
1077,0.0198488556577409,0.0319324243754515,154,13
1078,0.0287537958474194,0.0497442578380489,155,14
1079,0.0192335873567911,0.0477331129261359,156,14
1080,0.0359973076093962,0.0521591964003322,149,12
1081,0.0180607603952668,0.0365254332409517,149,15
1082,0.0354664627706271,0.0432498672729995,152,13
1083,0.0334435605419512,0.0498266377195626,165,13
1084,0.0310365492811903,0.0436758432018259,157,14
1085,0.028454229857143,0.0394471731362404,165,13
1086,0.0340724044356427,0.0513957756411881,148,13
1087,0.0364482620204297,0.0492111761622704,156,14
1088,0.0167998316805696,0.0409171593487204,153,13
1089,0.0216155263053625,0.0312752269405073,163,13
1090,0.0195515610644678,0.031817309108741,153,13
1091,0.0416439763158712,0.0556337380077562,165,13
1092,0.0221572462993058,0.0386321872856381,152,13
1093,0.0229346442123496,0.0450447607524226,152,13
1094,0.0255633522012378,0.0572402159531264,154,13
1095,0.0276130290548992,0.0443385877131217,164,14
1096,0.021826362772665,0.0347167814109449,158,13
1097,0.0175859826053433,0.0369251938065811,159,13
1098,0.0244064076242695,0.0417258786236607,161,13
1099,0.033593902196827,0.0452516991067529,156,13
1100,0.0317686506059515,0.039994974387128,157,13
1101,0.0189748142301235,0.0322225706934967,157,13
1102,0.0210747913765197,0.0356784344574655,152,14
1103,0.0318244761758924,0.0425341242507186,153,13
1104,0.0154104604451796,0.0378482518272687,150,14
1105,0.0427403044741219,0.0515163405561352,152,14
1106,0.0471011180568015,0.066678692228407,159,15
1107,0.030126026879539,0.0355285359530374,146,12
1108,0.0164288992372915,0.0310836602482578,161,14
1109,0.0325228300799903,0.0543696547281469,159,13
1110,0.0181891151623687,0.0256878484016029,159,12
1111,0.0266373168957813,0.0371331893288898,152,13
1112,0.0136309422494325,0.0399812987810496,164,14
1113,0.0335994457907154,0.0404761146163499,159,13
1114,0.0237736287817409,0.0526775131129905,155,12
1115,0.0270366791592033,0.0469253084475194,153,13
1116,0.0357535512916139,0.0562296907030057,155,14
1117,0.0270564515558412,0.0378151380247965,156,13
1118,0.0156707530911178,0.0275867679344413,148,13
1119,0.0234819869180392,0.0366678780742444,152,13
1120,0.0181161549732346,0.0274159571327728,158,12
1121,0.0104420022720593,0.042508079444152,150,15
1122,0.0363242547988979,0.0497821225214153,149,14
1123,0.0132035463632139,0.0204176577455657,164,13
1124,0.0436676540931371,0.0546083058503627,165,13
1125,0.0226799243627438,0.0427944620495562,165,13
1126,0.0316909267166587,0.0540560180612753,156,13
1127,0.0304100698541704,0.0487011207051063,157,12
1128,0.0375789222331406,0.0497399835997735,162,14
1129,0.0367703081928818,0.0515054579973042,157,14
1130,0.0147743905236362,0.024967058895452,151,14
1131,0.0276602766706408,0.0361842344205008,157,14
1132,0.0359562421264686,0.0426396698377704,153,14
1133,0.0238192960180459,0.0422496292633142,156,13
1134,0.0229680001036373,0.0386731770001084,156,14
1135,0.0236551281615809,0.0424653881233229,157,13
1136,0.04185310705065,0.0489668514257475,156,12
1137,0.0228735649887921,0.0357303068988536,160,13
1138,0.038324930992841,0.0505084046152762,160,14
1139,0.0214036556106032,0.035854522588062,154,13
1140,0.022393869800455,0.0519185388785518,155,14
1141,0.025861886639478,0.0372763809599094,155,14
1142,0.0334435569988519,0.0528646067027913,153,14
1143,0.0255607165923672,0.0338957723931886,150,13
1144,0.0285606969062892,0.0542420300885089,160,14
1145,0.0254364305185553,0.0427656909230137,161,14
1146,0.0152295696230725,0.0395895080440633,158,13
1147,0.0392517123329595,0.0443665174324661,163,12
1148,0.0230857688832644,0.0576316614460914,158,12
1149,0.026104709967914,0.0525206893174187,159,13
1150,0.0321800680916829,0.0392479831804179,159,13
1151,0.0143912617037808,0.0379571299736498,159,12
1152,0.0196062582130436,0.0308439684917893,153,12
1153,0.0185447780010561,0.0382890001714363,163,12
1154,0.02301941299241,0.0429245978201822,161,13
1155,0.0275769569674308,0.0359466063509511,155,12
1156,0.0353103063456167,0.0544674078641517,155,13
1157,0.021163700017862,0.042932431650771,158,13
1158,0.0207049889281224,0.0386543788732551,156,12
1159,0.0229916562843067,0.0495528173149324,150,13
1160,0.0351636820332696,0.0553951432669977,147,17
1161,0.0264808406465554,0.0401987443996274,151,14
1162,0.0203490990626307,0.0350188760059893,152,15
1163,0.0208041036536703,0.0407600023905535,154,13
1164,0.0222890772943308,0.02928750985225,158,13
1165,0.0173533017204274,0.0346770476365298,159,13
1166,0.0376190109769863,0.0593313761426953,160,15
1167,0.0199058216427221,0.0327805127354809,154,15
1168,0.0153175652263683,0.0280681430935073,156,13
1169,0.0354282110571692,0.0456998276812403,160,13
1170,0.0264309035065028,0.0451454003710724,156,15
1171,0.0264244759678674,0.0536240727197042,165,14
1172,0.0209249399955424,0.0465023850978609,154,13
1173,0.0187367352784561,0.0274092004477443,161,13
1174,0.0169202953629009,0.0382205644339471,152,14
1175,0.0419225170640038,0.0580053755948182,152,14
1176,0.0259657300394315,0.0498925330586713,170,12
1177,0.0203070692497691,0.0474114718786615,145,14
1178,0.0321801840852321,0.0406728674729376,161,12
1179,0.0141105178037171,0.0255434089888877,162,12
1180,0.0327159193388661,0.0525793442115488,156,15
1181,0.0416227977718417,0.0607680590591364,151,13
1182,0.0410574534954824,0.0533404521071555,162,14
1183,0.0229340381476208,0.0459895673160355,155,13
1184,0.0233231419060879,0.0447520151630375,157,13
1185,0.0458765162552364,0.0550548970505852,164,13
1186,0.02133470651214,0.0332913124865111,168,14
1187,0.0137455382410265,0.0338642437774079,164,14
1188,0.0346289184385672,0.0545201040603525,154,14
1189,0.0395493645883848,0.0518224352139965,154,14
1190,0.0223453563711405,0.0473230000350748,151,13
1191,0.021890429754669,0.0438327973383331,154,13
1192,0.0303131400633233,0.0364157763967618,158,12
1193,0.0313993558276148,0.0494325871762449,148,14
1194,0.0293424217549125,0.0500275812280305,156,13
1195,0.0199489637748375,0.0429860739748933,153,14
1196,0.0208111199014969,0.0329097695706755,159,14
1197,0.0326494878345119,0.0496020262511875,152,14
1198,0.0333030662441271,0.0425973322255273,155,13
1199,0.0296326289264471,0.0415293575500567,162,12
1200,0.0214950409564745,0.0343203817245774,155,12
1201,0.0295019769678391,0.0463886235561249,160,13
1202,0.0213970138371198,0.0478098911042672,152,14
1203,0.021705746508165,0.0378234065073901,162,12
1204,0.0257477124921629,0.042340088919195,163,12
1205,0.017113597903904,0.0296903192503587,152,13
1206,0.0166526851837072,0.0390046172793697,153,15
1207,0.0291620310576392,0.0485370765972898,156,14
1208,0.0273900862402151,0.0387995823919614,148,13
1209,0.0221767066663323,0.0420084923331032,170,14
1210,0.0234218620033317,0.0405852413906501,157,13
1211,0.023361718097687,0.0386178447167391,158,14
1212,0.0353011612255525,0.0484136151355721,159,13
1213,0.0200329308233359,0.0293490947501408,152,14
1214,0.01947471201195,0.0466509748173732,164,13
1215,0.0325191059862735,0.0528031008602689,151,15
1216,0.0111411373484346,0.0375025167572048,165,13
1217,0.0198394980217696,0.0329776505334817,158,15
1218,0.0199252576822642,0.0422017532030558,151,15
1219,0.0125240126715192,0.0230366153489655,151,12
1220,0.0208263403100447,0.0492269049796536,152,14
1221,0.013516248399567,0.0341466152497462,153,12
1222,0.0296531992518533,0.048556891914526,159,12
1223,0.0360690487404033,0.0512505450541542,147,13
1224,0.0250624064303401,0.0420980954683599,154,14
1225,0.0155723511206153,0.0364098075548608,158,13
1226,0.02109316327193,0.0292304465159104,161,14
1227,0.000157281235276244,0.00942938200005212,150,14
1228,0.0283022746486096,0.0447652760618939,159,12
1229,0.0214902160887698,0.0495758239632073,159,13
1230,0.019665571606137,0.0333711075093095,154,13
1231,0.0121441673270646,0.0210122762402358,158,12
1232,0.0472310545598139,0.0716537725999082,150,13
1233,0.0291741892183941,0.0482156935462578,154,13
1234,0.0293863437765819,0.0369447948441386,162,13
1235,0.0252619296964048,0.0491941649381049,159,13
1236,0.0377654800497294,0.0463303246300106,153,12
1237,0.0157729876397499,0.0345705734505045,149,12
1238,0.0359806901805622,0.0544710693434077,154,13
1239,0.0246137852111342,0.047751567722018,162,14
1240,0.0310267679545901,0.0435772887344242,163,14
1241,0.0167485285173769,0.028336329460798,158,13
1242,0.0354125263919025,0.0440804525410699,157,14
1243,0.0216710084394616,0.0563437159104654,156,14
1244,0.0236293080839552,0.0298838114386491,160,13
1245,0.0320032747980472,0.0421116637394081,147,14
1246,0.0126223966802086,0.0378318997842107,164,12
1247,0.0300696147739358,0.0534066157471418,151,13
1248,0.0185765629230387,0.0416571755046883,152,14
1249,0.0278890697046297,0.0405898330670034,152,14
1250,0.0146416205063088,0.0390893909291207,163,13
1251,0.0208650043037658,0.0463632227787229,155,13
1252,0.0440963168742669,0.0670191225176768,154,14
1253,0.0163683012036961,0.0486512791950605,158,13
1254,0.0365457975445447,0.0505899767606799,160,14
1255,0.0282873308552195,0.0468116502580431,149,14
1256,0.0331231062467078,0.0486579828587903,157,14
1257,0.031631294412862,0.051292449532632,154,15
1258,0.0116860856328183,0.0280466364664343,153,13
1259,0.0252773461331399,0.0364905073940728,150,13
1260,0.0276043888326966,0.0437846009677546,158,13
1261,0.022855901819946,0.0365049263400227,154,13
1262,0.0309507105771228,0.0479238698990794,166,13
1263,0.0156583990768378,0.042642687295377,155,14
1264,0.0353860499527973,0.0487226040052173,161,14
1265,0.0151530395038619,0.031536686808657,160,13
1266,0.0328179387446321,0.0527374157104585,164,14
1267,0.020299826148185,0.0330264295792949,161,13
1268,0.0313839947258988,0.0406452250538113,150,13
1269,0.00934184875457917,0.0182188357653249,156,13
1270,0.0147899156941876,0.0285520965145843,154,13
1271,0.0247841720763439,0.0497856945748514,164,13
1272,0.0372691686037405,0.0503956429273229,155,14
1273,0.00997134707920083,0.0182582410353134,146,13
1274,0.0134042401545533,0.0478694790090262,151,14
1275,0.029821574799386,0.0421461292878702,156,12
1276,0.0276093700068805,0.0440984607882703,144,13
1277,0.0236462628324415,0.0293651454277271,151,12
1278,0.032144496880613,0.0485583794629602,152,14
1279,0.025528439049654,0.0309251209857765,154,12
1280,0.00760805819320248,0.0306913061470919,157,14
1281,0.02561398910457,0.0501008029143532,158,13
1282,0.0233918704907419,0.0369555935802416,158,13
1283,0.0167583703020634,0.0441656421116289,155,13
1284,0.0253124621778416,0.0440584619384793,154,13
1285,0.0131945470396408,0.023823418226072,148,14
1286,0.0218654329238399,0.0372998657997991,146,13
1287,0.0417892462090055,0.0593607731166367,163,13
1288,0.0259355109263531,0.0399079717975995,158,15
1289,0.0158919024398814,0.032707277008632,157,13
1290,0.0143551683522936,0.0295486739487282,154,13
1291,0.0301777171831533,0.0529064579580718,161,15
1292,0.0300432996454264,0.052483869136553,155,13
1293,0.0374958955660206,0.0535850720824416,158,12
1294,0.0317285648762066,0.0467202224754079,168,12
1295,0.0246292935065534,0.0417059639078168,151,15
1296,0.0247091705655991,0.0502405852392117,168,13
1297,0.0396677954988151,0.0569028283395718,167,14
1298,0.0317027734143507,0.0373785015361483,165,12
1299,0.0284241253902339,0.0550987732758673,161,13
1300,0.00971552588794606,0.0193206443773312,162,12
1301,0.0255938108028742,0.0436573385784327,161,12
1302,0.00733762709320395,0.0288965552444855,154,14
1303,0.0196336099457125,0.031386921977975,159,13
1304,0.0111646636502449,0.0354970714018157,158,14
1305,0.0215876375988276,0.0460058917232447,157,15
1306,0.019462930315637,0.0346701500861717,159,14
1307,0.0444096117923702,0.0560061630466582,158,13
1308,0.0299181630902704,0.0496462621951158,162,14
1309,0.0197555435579858,0.0469713640103028,163,14
1310,0.0124047573304357,0.0384472264316175,164,12
1311,0.0167016615531735,0.031607433958416,152,14
1312,0.0226216041999214,0.0372238745902945,161,13
1313,0.0194490691852283,0.0435929779135351,148,14
1314,0.0294390979015327,0.0494212240459265,151,14
1315,0.0151570961801172,0.0277221808949203,157,13
1316,0.0371681217496549,0.0513141851042452,165,13
1317,0.019395955016357,0.0411116555209215,155,15
1318,0.0181353147084672,0.0434514885650466,154,13
1319,0.0174551308664695,0.0267176313326269,157,14
1320,0.0295359918974607,0.043817211312653,157,12
1321,0.0113974544153296,0.0217765069866321,155,13
1322,0.0147715681637014,0.0385699032514285,160,12
1323,0.0430017902573588,0.0488231544381212,158,13
1324,0.0196729390014161,0.0440231337163013,163,13
1325,0.0289494816422777,0.0427020078198011,152,14
1326,0.034138473813971,0.0494477620186033,151,13
1327,0.0175900700887991,0.0306296821449272,156,12
1328,0.030744293257451,0.0501449627437656,151,15
1329,0.0451215468102696,0.0578076754016527,160,12
1330,0.0297425885047713,0.0388271207975795,154,13
1331,0.0223596848458226,0.0500183060500289,147,13
1332,0.0260979729417179,0.0412962205166146,159,13
1333,0.0192839948424693,0.0382418642965867,155,13
1334,0.0149973292468761,0.0272175844151429,148,13
1335,0.0130725483107203,0.0216345409538642,158,12
1336,0.0158219659819603,0.0400680507829206,158,15
1337,0.0104639510449472,0.027874937853249,154,12
1338,0.014173812134053,0.0289320889899391,156,13
1339,0.0394290331914969,0.0470071214112553,156,12
1340,0.0293194887265047,0.0406868997029949,167,13
1341,0.0236276681369398,0.0351856283111845,151,12
1342,0.0313268427461569,0.0477385518632472,161,15
1343,0.0272476435443017,0.034013444904424,155,13
1344,0.0193092466269592,0.0436403540918064,160,14
1345,0.0214725657747176,0.0334632957342683,158,14
1346,0.0257307315839048,0.0536676238275706,158,13
1347,0.017106070222758,0.0472807588324598,158,14
1348,0.0223000008762621,0.040927198989877,154,16
1349,0.00731785451730476,0.0330275042964043,165,14
1350,0.0314060670508201,0.0510996511176988,160,14
1351,0.0292841712086523,0.037426396394505,152,12
1352,0.0373835368161935,0.0487536586377954,165,15
1353,0.00909613353353197,0.0319454991332843,149,13
1354,0.0330142688365707,0.0522247415806587,156,13
1355,0.0226769341068822,0.0285773861376128,156,13
1356,0.0368601138934551,0.0558843626869965,154,13
1357,0.0290782135304695,0.0405057433343764,160,13
1358,0.0177132838678655,0.0286247615086651,151,13
1359,0.0189907008134117,0.0335355402581341,157,14
1360,0.0233992642701063,0.0415862509178453,152,14
1361,0.0173504359292058,0.0376055785348924,161,12
1362,0.0182378872840816,0.0281813568871979,160,12
1363,0.0306702716153176,0.0587874614034344,153,13
1364,0.0152678645848961,0.0385686570812878,141,14
1365,0.0223742893888297,0.0355090038636873,162,14
1366,0.0231805567896454,0.0303019988377038,159,14
1367,0.0186342421674877,0.0387650744327659,147,12
1368,0.0177282806195916,0.0310682498434355,157,13
1369,0.0189422807101542,0.0375009761518228,160,13
1370,0.0313472979773395,0.0515102188166722,151,14
1371,0.0245479061870414,0.0376918724396894,152,14
1372,0.0085715634775406,0.0361912068150483,155,13
1373,0.0110358300928774,0.0263158800620066,149,13
1374,0.0240605572379147,0.0384080502298326,153,15
1375,0.0188365898604217,0.0262253662579551,160,13
1376,0.0279561895395974,0.0509410810137973,155,13
1377,0.0271181857391488,0.0426315567689125,158,13
1378,0.0135829135517169,0.0364253629434044,163,12
1379,0.0238733739597164,0.0505103539046208,159,13
1380,0.0168080226423924,0.0347240118586076,158,15
1381,0.0272552746416404,0.0452028344693691,151,14
1382,0.0264078686465223,0.0343612952734829,157,12
1383,0.0342985779291009,0.0453398465299782,152,15
1384,0.0215955695504746,0.0367289365682572,159,13
1385,0.0180654884350466,0.0369316420585161,164,13
1386,0.0339443533370537,0.0507477933364204,158,13
1387,0.0254592077620885,0.0390607562128861,149,13
1388,0.0173708627774913,0.0236501995532333,158,13
1389,0.0209408974055954,0.0382531718955499,160,13
1390,0.0235886141230665,0.0308525594694175,150,12
1391,0.0289366990256377,0.0580682823943619,154,12
1392,0.0382959696044824,0.0607219931705943,152,13
1393,0.0199613215466046,0.0378476920806694,151,14
1394,0.00842471188091437,0.0297397529432048,155,12
1395,0.0139001055042593,0.0358822175952212,159,13
1396,0.0155740643164046,0.0329785209678451,152,13
1397,0.0287372533406495,0.03922681683225,159,13
1398,0.0254595913755052,0.0397372258947823,155,13
1399,0.0253578892264177,0.0342982861599697,155,13
1400,0.0288698009383136,0.0372544680921866,150,14
1401,0.0200076119909529,0.0385485706093272,147,12
1402,0.0156610317690816,0.0355429036136201,160,14
1403,0.0295082612006277,0.0453244301782884,145,13
1404,0.0286634270406382,0.0511312392358896,149,13
1405,0.0253035747789052,0.0432527267381367,164,14
1406,0.0224475180840721,0.0396729240654881,158,13
1407,0.0156173816143252,0.0347193334783113,164,13
1408,0.0254169476227564,0.041120480502064,154,14
1409,0.025141145062,0.0415386612560512,161,13
1410,0.0310402564127698,0.0517867680995074,158,12
1411,0.0309305140916098,0.0381047261654872,159,14
1412,0.013181911898662,0.0347840693020041,156,13
1413,0.0139670989418048,0.0275114955825186,161,13
1414,0.023937823816322,0.0455649311239893,162,13
1415,0.0120943866969509,0.0385902485717122,159,13
1416,0.0100162787061012,0.033864682313907,157,14
1417,0.0133455502289841,0.0256193157953066,154,13
1418,0.0272215211503346,0.0356355472064004,161,13
1419,0.0264854850674823,0.0540925061646385,154,16
1420,0.0250981841443192,0.0529121069917933,148,12
1421,0.0246530247752448,0.0376141501681171,151,12
1422,0.0214435212315339,0.0364482707678923,149,14
1423,0.0313957254211783,0.0456157701307431,156,13
1424,0.0476219976699182,0.0604833067664441,155,12
1425,0.0235959605993783,0.0476270674457361,157,14
1426,0.0376715257833377,0.0507892331649941,155,14
1427,0.0324324922553919,0.0374332210738275,157,12
1428,0.0301303077205106,0.049589281884212,156,14
1429,0.0177597533943767,0.0445081978550032,156,13
1430,0.0333061247536093,0.0580833705776106,159,13
1431,0.0226459953486771,0.0397320557349177,157,14
1432,0.0553935925389347,0.0718047923061549,156,14
1433,0.0339758860884206,0.0479490999531665,163,13
1434,0.0137351098669767,0.0373781289523333,157,12
1435,0.0211082642807741,0.0324538169730489,158,13
1436,0.0186973934260831,0.0405668071900097,161,13
1437,0.0271488921822067,0.0440723703868517,160,13
1438,0.0150541449403203,0.034684603570496,154,13
1439,0.0521789833045063,0.0621382372785516,156,13
1440,0.0292281667251604,0.0355733936073092,153,13
1441,0.0320327338986251,0.0499900087028406,157,13
1442,0.0111829482208454,0.0240407115248494,158,14
1443,0.0323433561411155,0.0674606933416607,151,13
1444,0.024950103573548,0.0351699572390358,155,14
1445,0.0104655777607834,0.0269958846673774,158,13
1446,0.0229942408309699,0.0309890340911224,159,12
1447,0.0286292826917882,0.0399634186072298,153,12
1448,0.0225861706063706,0.0380290052546606,162,14
1449,0.0305765413166941,0.0419461304516494,154,13
1450,0.0365034119344712,0.0437317833967869,159,13
1451,0.0364018531916493,0.0505275766446625,158,13
1452,0.0281738496299343,0.0377802731108311,148,13
1453,0.0447101700803523,0.0532661397985011,155,13
1454,0.0184002165853404,0.0370511814336935,164,14
1455,0.0391695920143885,0.063386633345707,161,13
1456,0.0410580356600368,0.0509983302622308,157,14
1457,0.017567917031015,0.0365450128469216,154,13
1458,0.0352698047213256,0.044832239071154,154,13
1459,0.0235020910481297,0.0364634102004463,159,13
1460,0.0303135616884446,0.0378499912794498,155,13
1461,0.0265296079898354,0.038279186375276,160,14
1462,0.021361059103489,0.0369326072864256,158,13
1463,0.0245810472041491,0.0362529225079903,165,12
1464,0.033199014624231,0.0478483607466952,166,15
1465,0.0201035244132217,0.0418057911016545,157,14
1466,0.0282619785885287,0.0536371591229907,152,14
1467,0.0228896578431229,0.0446548896329421,152,13
1468,0.0220540600196652,0.0452678032841492,153,13
1469,0.0120204725627764,0.0347252672922421,145,13
1470,0.0220999173795146,0.0374213812046533,149,13
1471,0.0210796791147825,0.0326166598202531,154,14
1472,0.0104215969443946,0.0186349831821159,158,12
1473,0.0286923510169419,0.0346860859196814,157,13
1474,0.0445679976564833,0.0543508761115821,148,13
1475,0.0233936846245323,0.0451294142953512,159,13
1476,0.0203471844249044,0.0480803337603612,164,13
1477,0.0405677987219287,0.0492927468916674,149,13
1478,0.0263388532096415,0.0407732899514935,153,13
1479,0.0264433218820121,0.0375558915322165,158,14
1480,0.028320194421705,0.0463376840974018,160,12
1481,0.0134304490795912,0.0209684799029579,156,13
1482,0.0250459482145204,0.0423964302166778,163,12
1483,0.0223387629968213,0.0394973888210631,150,14
1484,0.0151991763324173,0.0373648668546614,166,12
1485,0.0284596874030843,0.0448209307844482,154,13
1486,0.0216025926448129,0.0412099403441427,156,13
1487,0.0290350112925154,0.0390868998336415,151,12
1488,0.0283829539258958,0.0394672959230042,165,13
1489,0.0268764519407264,0.0482869786491948,150,13
1490,0.0197620802375002,0.0335502252034942,151,13
1491,0.0332627888480957,0.0530035759624669,154,15
1492,0.0353256044717361,0.0517699842907317,154,14
1493,0.0279177805539183,0.0394267905486018,142,13
1494,0.030363783246776,0.0435436535419761,154,14
1495,0.03446091777707,0.0474284268489683,161,13
1496,0.0357549659839955,0.049738809257989,153,13
1497,0.0234922550803096,0.047537033282015,149,13
1498,0.0268067642875743,0.0390248807588823,163,13
1499,0.0372059428072478,0.0431117315322579,162,13
1500,0.0286029545349936,0.040556835368329,159,14
1501,0.024883959478482,0.0354531413871466,155,12
1502,0.0190813144824171,0.0375514091799934,165,13
1503,0.0199573250940298,0.0328006047446276,159,14
1504,0.0142755597878242,0.0414968371087577,151,13
1505,0.0301517383554622,0.0482036818423923,157,13
1506,0.02019517176093,0.0414416396590235,155,12
1507,0.0229020548054073,0.0434251135416428,156,13
1508,0.0154599187947272,0.0271454734661693,158,14
1509,0.0307194902803459,0.0423423239211954,160,14
1510,0.0257312372998992,0.0309121073542684,157,13
1511,0.0171729390875956,0.0336085711085789,158,12
1512,0.0294242238851579,0.0421592341264535,147,13
1513,0.0317966541526677,0.053080380450647,142,13
1514,0.0243579637010021,0.0404909599374492,155,12
1515,0.0185481246592758,0.0375358150941149,162,12
1516,0.015436199053353,0.036315145792719,156,13
1517,0.037587532473352,0.0519142347531816,159,14
1518,0.018624984627296,0.0375753335344027,155,12
1519,0.0251945200715386,0.0458568170098951,153,14
1520,0.0423840325524038,0.0549573200920902,148,12
1521,0.0278280700467456,0.0416862993025584,157,13
1522,0.042789050471018,0.0645787312408809,161,13
1523,0.0310218360669647,0.0516850700640126,167,14
1524,0.0312812581937161,0.0415928726426053,156,14
1525,0.0207463894463718,0.0393070832088701,152,13
1526,0.0240161474414909,0.0405023959858049,160,14
1527,0.0343258293884742,0.051994719536031,146,13
1528,0.0369995141803668,0.0516859959916713,156,14
1529,0.0248738474984626,0.0359105453688374,154,13
1530,0.0131894591084373,0.0196151990933371,155,12
1531,0.0209900939539693,0.039456472432095,156,12
1532,0.0218126986297628,0.0303333833819651,152,13
1533,0.00646036756592907,0.0237153768119387,168,12
1534,0.0216002621989004,0.0426749395371689,159,14
1535,0.0174514062285099,0.0422786277091156,152,14
1536,0.0132189321361603,0.0277776983763722,153,14
1537,0.0277788799844342,0.0396898187936675,151,13
1538,0.0181377463109556,0.0373171002257596,157,13
1539,0.0349356547856669,0.0430575337985198,155,12
1540,0.0206006685838567,0.0354035786836402,155,13
1541,0.0236797449717907,0.0465971025679259,159,15
1542,0.0288146001545333,0.0497720410383582,156,14
1543,0.0292274804849545,0.0364561028218904,166,13
1544,0.0310325216431967,0.0400968811810073,157,12
1545,0.0321219216754138,0.04079530976285,152,13
1546,0.0139509404185983,0.0340139700327553,146,14
1547,0.0252009975294566,0.0463745964728935,154,14
1548,0.0170994281454141,0.0348414859163109,161,14
1549,0.0304388177110851,0.0398678566261052,162,12
1550,0.0414329605373463,0.0528301576506794,160,12
1551,0.0291761650151665,0.0560227033919943,157,13
1552,0.0272041380313117,0.0423547831143803,156,14
1553,0.0191014305767579,0.032342226351348,151,14
1554,0.0171777422469121,0.0292013227190871,157,14
1555,0.0207393737885963,0.0452405738188657,156,13
1556,0.0102390838753293,0.0260010934867367,162,14
1557,0.0311618317283698,0.0403304030025807,157,14
1558,0.0177114161988454,0.0375571752234641,151,13
1559,0.0216595915172632,0.0499141188344375,157,15
1560,0.00668563676931124,0.0256683137691262,160,14
1561,0.0144078367797091,0.0258377688321799,161,13
1562,0.0179983093081481,0.0253700490936892,162,12
1563,0.026151110961291,0.0432883206352642,148,14
1564,0.0187694397673447,0.0502857644652982,160,13
1565,0.0334410019876884,0.0539026776656485,157,14
1566,0.024553081989981,0.0342041843327214,158,13
1567,0.0362886518344163,0.055684565359556,159,14
1568,0.0263941186457004,0.0359769553925737,151,15
1569,0.026580386111668,0.0379931321617118,159,13
1570,0.0219431008334141,0.0366953755360459,150,13
1571,0.0156465631335827,0.0238801755271776,158,14
1572,0.0327359453210561,0.0507476115216383,152,14
1573,0.0308999271110457,0.046253273369866,157,13
1574,0.029446271490302,0.0412429302587298,161,13
1575,0.037599294143812,0.0592189568077499,159,12
1576,0.0246887734184223,0.0386152076937805,153,13
1577,0.0202744092768812,0.030674145676137,153,13
1578,0.025594717943274,0.0522316886648014,154,14
1579,0.0282657098996208,0.0423767137015417,165,13
1580,0.0345564868935643,0.0509055373519381,161,14
1581,0.0381644715714284,0.0481716812655981,164,12
1582,0.0174249704988859,0.0324379081840703,151,15
1583,0.012777772988504,0.0353713519164424,155,13
1584,0.0175198898952167,0.0344576466655897,162,13
1585,0.027793499615778,0.0551914346516386,157,13
1586,0.024570593397493,0.0302054506739534,154,12
1587,0.00990799519745519,0.0335289292484421,162,13
1588,0.0225030769335015,0.0410534986363441,160,13
1589,0.0246572829482739,0.0339969129650484,156,13
1590,0.022481690093504,0.0298518127629117,148,12
1591,0.0202980586210227,0.0295167999238914,164,13
1592,0.0337169508711828,0.0537187465963294,154,15
1593,0.0228562320049022,0.0345225669329709,162,13
1594,0.0410100486951097,0.0548978412737313,153,14
1595,0.0336677471523971,0.0623961968497369,162,13
1596,0.0211261886069515,0.0359379819183597,157,15
1597,0.0221791884139941,0.0352651152127589,149,13
1598,0.0236257821959448,0.0431951148329057,156,12
1599,0.0442273955065906,0.0491107066795737,151,13
1600,0.0403710774351026,0.057031125439272,149,12
1601,0.0221076400549389,0.0316742086178551,155,14
1602,0.0251460221567341,0.0499012784958483,159,13
1603,0.0191054027139306,0.0259581422775507,163,12
1604,0.0242406749243159,0.0442772190990802,153,14
1605,0.0183178583674972,0.0302599006081446,154,12
1606,0.025525086652331,0.0446690284446723,152,12
1607,0.0150799033360322,0.0235897342071145,149,12
1608,0.0111110193765915,0.0236397376264448,165,14
1609,0.017526941387289,0.0339528726147523,150,12
1610,0.0375968266650751,0.052554594896794,154,12
1611,0.0172634376368957,0.0467899914031133,160,13
1612,0.0373140824216595,0.0520869810309143,162,14
1613,0.00788284099784207,0.0202994458525371,163,14
1614,0.0483021188092671,0.0608804090658452,155,14
1615,0.0270097528458031,0.0429759124997179,160,13
1616,0.0357739519399727,0.0448051280835103,156,13
1617,0.0108928439456212,0.0328318327523227,155,13
1618,0.0233233758223013,0.0369671425007756,160,15
1619,0.016026465281031,0.0356458267009192,158,15
1620,0.0196911382326099,0.039741684727786,167,13
1621,0.0157771974307387,0.0227916469112992,153,12
1622,0.0341648090930499,0.0482888934337426,150,15
1623,0.0257658505287738,0.0351735521132766,161,14
1624,0.0286554607837324,0.034277316630312,156,12
1625,0.0300749137217719,0.0470588087789709,150,14
1626,0.0319830529259524,0.0418371114074936,157,12
1627,0.0329601983518564,0.04445886278957,158,13
1628,0.0232697235934017,0.0388755931581082,157,14
1629,0.0574368138449686,0.063134385166156,145,14
1630,0.0286006474248244,0.0402029134034039,152,14
1631,0.0293793674787565,0.0565499519171815,158,12
1632,0.045603466149916,0.0572091204833323,151,13
1633,0.0437835492257876,0.0666025038256253,149,13
1634,0.0250581159862455,0.0298650733093289,152,12
1635,0.0409689317760375,0.0540317752010426,154,12
1636,0.0276935585925902,0.0497029975733009,162,13
1637,0.0213094097973976,0.0380937118524053,165,13
1638,0.0232730976502102,0.0302678110214435,153,14
1639,0.0367935572323365,0.056885495709849,166,15
1640,0.0342621085832812,0.0438974591419029,157,13
1641,0.0152596681668703,0.0229217786320128,157,13
1642,0.0384656966761256,0.056006815009123,154,15
1643,0.0274982131964468,0.0404167383752587,151,13
1644,0.0325205393045296,0.0521057079469464,161,14
1645,0.0183108251133257,0.0500740048604616,159,14
1646,0.0158428181459758,0.0246916794458273,160,13
1647,0.0201355185875604,0.0414098294526266,157,14
1648,0.0202914316185197,0.0350904113247054,146,14
1649,0.0268618721470917,0.0416659798911276,163,13
1650,0.0278036958343002,0.0352529107295921,163,13
1651,0.0255941118894643,0.034997179482568,156,13
1652,0.0180534276979404,0.0481675909064679,165,14
1653,0.0290474883828636,0.0494916902686761,156,13
1654,0.0304948140885262,0.0426716564809787,157,13
1655,0.0195061291139026,0.036563308797071,150,15
1656,0.00535640397346336,0.0217559202347778,151,12
1657,0.039719140949901,0.0608155119761499,155,13
1658,0.0273652075056486,0.0507088095668176,163,14
1659,0.0200808656838232,0.0259588142581215,145,13
1660,0.0466015366698729,0.0635571060761577,158,14
1661,0.0161420820993516,0.0331600930490435,155,12
1662,0.0133693070080291,0.0255109328183993,160,14
1663,0.0299361425418275,0.0476379527973483,146,12
1664,0.0444790499446965,0.0493190352415374,155,13
1665,0.0111576336608614,0.0360372865066048,157,13
1666,0.0182971708289246,0.0422345499468581,159,13
1667,0.0253246853527575,0.0427409649378175,155,15
1668,0.0153027185923459,0.0305296689858786,158,12
1669,0.0304880619055316,0.0450234224154245,158,14
1670,0.0335850518734818,0.0482011128130002,156,14
1671,0.0249903094495803,0.0373534299189439,156,12
1672,0.037792580629364,0.0440167130149091,153,12
1673,0.0241853669301417,0.036890740443536,167,13
1674,0.0290914966215554,0.0347946935779092,155,14
1675,0.0156485866165492,0.0276053437753193,168,13
1676,0.0226573037097247,0.0388947406368585,153,14
1677,0.0234072381547024,0.0345085453670083,169,13
1678,0.0167997858102578,0.0372431042432896,143,13
1679,0.0425863731607072,0.0564765215560723,149,14
1680,0.042841265859666,0.0496692329529207,153,14
1681,0.0133677746211855,0.0329015803243715,156,13
1682,0.0332314854607731,0.0489786389787248,151,13
1683,0.0133674713125329,0.0356656511558733,152,13
1684,0.0120162254162223,0.0227961559920019,155,14
1685,0.02611732407683,0.0412256337134498,155,13
1686,0.0250808494298063,0.0373768114364853,152,13
1687,0.014306008375096,0.0233473586512644,157,13
1688,0.0267577438106945,0.0376461141319976,160,13
1689,0.0302207100157353,0.0368031920731057,151,12
1690,0.0331934913705788,0.0410220630643927,156,13
1691,0.0194417792632791,0.0443531255517607,146,14
1692,0.0326443887963824,0.0494544546789747,155,12
1693,0.0191961052556494,0.0313528057179681,154,12
1694,0.0191586364468193,0.0254306977224732,157,12
1695,0.026139898105075,0.0444576019838895,162,12
1696,0.0108616233352581,0.0435763087997965,147,15
1697,0.0260838607336579,0.045331216322796,161,15
1698,0.020611715948969,0.032146302287834,153,14
1699,0.0342286816986082,0.0453700527109137,156,13
1700,0.026522792046064,0.0413936040138146,157,14
1701,0.0113195115932233,0.0236141752199546,159,14
1702,0.0241614827019443,0.0499128881702,158,13
1703,0.0331690013029377,0.0459732494391141,155,13
1704,0.0230598481897645,0.0501924770604016,148,14
1705,0.0420484603523162,0.0471523564388351,158,13
1706,0.0261472940252259,0.0417382821858085,149,14
1707,0.0324262653957377,0.0505680290520168,159,14
1708,0.0210427665213242,0.0334500066853895,155,15
1709,0.0321181736797936,0.0497617873592925,155,13
1710,0.0100811798960565,0.0294577922855077,162,16
1711,0.0438318352840503,0.0508391444557036,157,13
1712,0.0253162515047884,0.0434474449199733,162,13
1713,0.0322927188908751,0.0464347865066804,158,13
1714,0.0251989952678006,0.0403016694260512,161,13
1715,0.0319737166373833,0.0467641494261634,161,12
1716,0.0588137402360689,0.0688986159573096,158,14
1717,0.0247426146953145,0.0367561444994944,164,13
1718,0.0209851543710959,0.0308565265890181,159,12
1719,0.0210305610780956,0.0331538708144255,152,13
1720,0.0205192549033449,0.0337103100686399,161,14
1721,0.0409454178680682,0.0597128926418407,151,14
1722,0.0113128149488879,0.0288689583729408,158,14
1723,0.0237579949265647,0.0397281282211047,148,13
1724,0.0235792090002408,0.0464797769037196,161,13
1725,0.0135245568725639,0.0276191462893808,159,15
1726,0.017003818392727,0.0478206713363284,153,13
1727,0.0239980900994468,0.0388172208109913,156,14
1728,0.0495141702753001,0.0594911013866699,152,13
1729,0.019951479287373,0.039856610716376,155,14
1730,0.0252545142415127,0.0501494319340038,155,13
1731,0.0185465134642962,0.0291264571226421,154,14
1732,0.0208655525781272,0.0313845775567547,154,13
1733,0.0227773609070414,0.0463761961651039,160,13
1734,0.0371533174981429,0.0479362452928678,153,12
1735,0.0303654064008476,0.0374120862717831,160,13
1736,0.036142114908083,0.0528101229136365,160,14
1737,0.013797750754702,0.0290748485404929,158,13
1738,0.0234077434988154,0.037222160376393,155,14
1739,0.026098815380172,0.0323305168264408,156,12
1740,0.0257281933328588,0.0544569875356115,164,14
1741,0.0054454432206789,0.0249607055911331,162,13
1742,0.0348944423978663,0.0509816482111851,149,14
1743,0.0178655739954127,0.0371487051658795,168,13
1744,0.0194622032821484,0.0428698299904596,163,13
1745,0.0206133363227364,0.0438485258790139,160,13
1746,0.0351373645037314,0.0507677266671379,162,13
1747,0.0135866529857516,0.0256419879337341,155,12
1748,0.0397347193777835,0.046851002400425,157,13
1749,0.022686256749381,0.0370493592739836,152,17
1750,0.0348310124929005,0.0429510543629456,149,13
1751,0.0288613014438269,0.0383110411891073,157,14
1752,0.0271205048067231,0.045827243942094,146,15
1753,0.0162363694753827,0.0375358371522548,159,13
1754,0.0176850049670521,0.0445358117267866,166,14
1755,0.0269068108893,0.0373396548345496,152,13
1756,0.034144590104514,0.0567767148254203,158,12
1757,0.0248407472215373,0.0447384831254711,161,13
1758,0.0369948729235462,0.0478067733707993,152,12
1759,0.0280909282354883,0.0505805877301887,153,13
1760,0.0184608514699294,0.0341477597587654,154,13
1761,0.0226307624571931,0.0387501595026566,148,13
1762,0.0435417526059362,0.0586840919773688,148,16
1763,0.0601958610535791,0.0674631152449635,158,13
1764,0.0198708504003127,0.0357906845045606,155,14
1765,0.0135448667454422,0.0250914676769774,161,13
1766,0.0151428286831499,0.0421041951991506,158,13
1767,0.033703777722984,0.0506873493661803,152,13
1768,0.0247076893607187,0.0602455054562688,159,13
1769,0.0125921852450056,0.0320031771524856,159,13
1770,0.0273738124782464,0.0385312893805546,161,13
1771,0.0302729473214927,0.0467899574134647,165,13
1772,0.031186552973533,0.0594863520566228,161,12
1773,0.0202479182442282,0.0384978666157258,159,13
1774,0.0161535111156302,0.038278541970437,152,14
1775,0.0151486955318477,0.0302766502470944,156,12
1776,0.0333067367767769,0.050436728850845,150,13
1777,0.0225173150799069,0.0332389772647984,148,13
1778,0.0376430472243969,0.0424044987483691,155,12
1779,0.0405358302468796,0.0583528764280499,159,14
1780,0.0178451420681166,0.0421206013386008,155,13
1781,0.0225980168104678,0.0446068270467318,154,15
1782,0.0375300825809914,0.0541720020963635,159,13
1783,0.0252095998437794,0.0488419231612303,151,13
1784,0.0356098315027898,0.043013019584717,160,14
1785,0.0295848806906317,0.0466735273377936,156,13
1786,0.019305134914864,0.0413178305070384,154,14
1787,0.030783190616377,0.0547545732588522,156,13
1788,0.0163232414236706,0.0310519923387791,157,13
1789,0.0235920404064228,0.0477035394997967,162,14
1790,0.0255195327731931,0.0351749462692212,151,14
1791,0.031935356391169,0.0500376191999929,150,13
1792,0.0253824869093828,0.0360374405625029,158,12
1793,0.0183238815893737,0.0245986828218932,163,14
1794,0.0279237637367517,0.0513972679484454,168,14
1795,0.0226857644244778,0.0356149548995877,154,13
1796,0.0236112219030332,0.0381360541490781,158,14
1797,0.00735166787629338,0.0307419779841086,163,14
1798,0.0122713511765153,0.0283452840897236,164,13
1799,0.0304237322110023,0.0418746768036162,160,15
1800,0.0148498483402645,0.0272085439637979,156,15
1801,0.0335625901164757,0.0440182196426414,150,13
1802,0.0581754755725473,0.0618571013146422,150,12
1803,0.0235471645146191,0.0439105482190891,144,13
1804,0.0226308269759727,0.0457470130078022,159,14
1805,0.0625360537131732,0.0669785243969827,151,14
1806,0.0139370565704579,0.0261366893974356,160,13
1807,0.0272836362867803,0.0473884058296049,154,13
1808,0.0180434886916054,0.0258908271946483,160,13
1809,0.019053007330775,0.030724475933156,159,14
1810,0.0276141129463197,0.0409089785813833,154,15
1811,0.0292487218188387,0.042719728955917,157,14
1812,0.0286975382515933,0.0396854891619683,158,12
1813,0.0188783278703094,0.0302056444540382,150,14
1814,0.0223801309019234,0.0341661387979312,148,15
1815,0.0286553796634116,0.0429543993337919,157,14
1816,0.0353402896534656,0.0415734679461556,157,12
1817,0.0371692283179747,0.0422777891280582,154,12
1818,0.0284898226826866,0.0366595831849438,158,14
1819,0.020012961341686,0.0357539212361155,155,13
1820,0.0412564106983925,0.0607443512467372,166,14
1821,0.0469168369456881,0.0607076766147208,156,14
1822,0.0193232141773694,0.0342395979794969,156,14
1823,0.0220388647882098,0.0459329645995892,157,14
1824,0.0183898530455817,0.0243994643719893,157,12
1825,0.0147500915337651,0.0365602138935083,155,14
1826,0.0157112838903335,0.0562395354370364,150,12
1827,0.0331201505360688,0.0464120085863442,160,15
1828,0.0375597106869845,0.0532881145829953,161,13
1829,0.0241889912060577,0.0323868215693518,147,12
1830,0.0199638409656699,0.047259920867842,158,12
1831,0.0412690825220086,0.0500223382591704,160,13
1832,0.0242559780151966,0.0370332677158547,160,12
1833,0.0235513201734406,0.0439531930673644,145,13
1834,0.0306758400130837,0.0462276863788172,143,14
1835,0.0214009273962403,0.0366255949204291,157,13
1836,0.0169516835379664,0.0445557876078153,151,14
1837,0.0237377815234813,0.0374156078751059,152,14
1838,0.0242656437466339,0.0538687525717948,149,15
1839,0.0352964909315195,0.0469482695376666,151,12
1840,0.0280189188931476,0.0564017821983787,153,14
1841,0.022001223431309,0.0442203561238242,157,15
1842,0.0149310243486406,0.0347862517756031,151,13
1843,0.0191985439848212,0.0358079555920818,160,14
1844,0.0159592540762881,0.0343429158833197,160,14
1845,0.015183854032019,0.0387775171384346,158,12
1846,0.0392937891417556,0.0575016022138092,153,14
1847,0.013346394141755,0.0254191985210227,153,13
1848,0.0364729914978463,0.0460530277072063,149,13
1849,0.026178004351604,0.0403006097965269,157,13
1850,0.0145601266158734,0.032683716087998,157,13
1851,0.0118298808630084,0.0321555774601267,154,14
1852,0.0519014869857221,0.0527298150735245,151,14
1853,0.0305132084428899,0.0598631176691858,160,12
1854,0.0337948459128806,0.0401610249502478,158,12
1855,0.0299559167930454,0.0419676575035303,152,12
1856,0.0248663103208079,0.0324015673656064,158,13
1857,0.0412502847468314,0.0589290240825571,160,13
1858,0.0325464326944121,0.0379503578107955,149,12
1859,0.0374153192332632,0.0547316544374109,154,13
1860,0.0208746849355672,0.0360935666215979,153,13
1861,0.0106315944381923,0.0274164204079604,153,14
1862,0.0193192521690363,0.0276359605804295,150,13
1863,0.0404644891136899,0.060918317553786,161,13
1864,0.0136332081459666,0.0395011750588584,160,12
1865,0.0238668096298598,0.0393126238403165,162,13
1866,0.038234839427266,0.0544540272059322,158,13
1867,0.014767651612824,0.0399731317655568,162,14
1868,0.00695597809373294,0.0242663606891269,154,13
1869,0.0308473799622963,0.041663173499691,149,15
1870,0.0451225428264513,0.0510691336638184,153,13
1871,0.0253852212882195,0.0347453536553498,155,12
1872,0.0269971110922591,0.033638759735247,161,13
1873,0.0503927834176446,0.0660961052884998,152,13
1874,0.0185181421240335,0.0293706065341501,155,14
1875,0.0283281908773185,0.0354450067416179,168,13
1876,0.0230292470530031,0.0372886282224047,146,14
1877,0.0168988968317579,0.0415426747472913,161,13
1878,0.021518507840653,0.0460800819133459,157,14
1879,0.0329350549470809,0.0529789390172137,154,14
1880,0.0216695567591238,0.0337875586850133,163,13
1881,0.0394128629767962,0.0555504568804972,157,13
1882,0.0289614835048861,0.0395812676875203,158,13
1883,0.0358713031403784,0.0476707472055894,148,15
1884,0.0149209554569508,0.0402622656677128,160,13
1885,0.0358976633031445,0.0502825973272882,149,14
1886,0.0475920891314396,0.0594942030973384,149,12
1887,0.0309741540913439,0.0409085942544353,152,13
1888,0.0238458694224361,0.0490579755730102,158,13
1889,0.0338178105698934,0.0485236398431697,160,12
1890,0.0156946461657189,0.0331698362345771,172,14
1891,0.0219157784580931,0.0295582170137097,154,13
1892,0.0197747249276399,0.0432008326797284,156,13
1893,0.0380800619395073,0.0521702317067259,163,12
1894,0.0251862242246036,0.0408910628362853,150,13
1895,0.0303301720551546,0.048721329921004,156,14
1896,0.0466240497541764,0.0538328047376762,156,13
1897,0.016416099354945,0.0347509548971018,150,12
1898,0.0329383543301131,0.0504348370435937,149,13
1899,0.0240945152969829,0.0447945573639821,159,14
1900,0.023329639419543,0.0362350318654065,157,12
1901,0.0572243301123641,0.0663177256997478,150,14
1902,0.0351425671539999,0.0399418618410184,154,12
1903,0.0224394726799476,0.0409726990957254,162,12
1904,0.0300817942178114,0.0388778158731544,152,13
1905,0.0251320647468265,0.0401323831261347,160,13
1906,0.039431497163656,0.0488498896382667,153,12
1907,0.0217525566812063,0.0336908431029862,155,12
1908,0.0544002949743542,0.0574869832738454,153,13
1909,0.0250323786873572,0.0467981556227132,154,14
1910,0.020080665729657,0.0345127894671755,160,13
1911,0.0282440863219583,0.0543334528362521,154,12
1912,0.0195997766786695,0.0309128988833824,157,14
1913,0.0189525480239626,0.0325131591983538,152,15
1914,0.0112753823437016,0.0471081042212864,161,14
1915,0.0325752224504254,0.0436742459055864,154,13
1916,0.0224219966599419,0.0440606228803275,157,13
1917,0.0157527920022629,0.0378086000990777,173,14
1918,0.0340900835450607,0.0447816257509587,157,13
1919,0.0419335491575042,0.052135153722347,144,12
1920,0.00983053559689535,0.0218189955685521,161,13
1921,0.0204560560314194,0.026830092658407,154,12
1922,0.0218036567526254,0.051743669193934,167,13
1923,0.0249793704386731,0.0402366740288756,157,13
1924,0.0257583615747745,0.0441289822444484,149,14
1925,0.0312783022608066,0.043817075332972,159,13
1926,0.0182877911621472,0.0330093401318553,148,13
1927,0.0212676096207842,0.040974945434008,150,14
1928,0.0392032791099249,0.0492547174527952,155,12
1929,0.0231503869627837,0.0323312247374681,162,14
1930,0.0199029868027972,0.0359601962595417,162,13
1931,0.039161062189485,0.0529200875284616,150,14
1932,0.0250626099366297,0.0459926222277529,166,12
1933,0.0284875645805435,0.0527835801439787,150,14
1934,0.019973985077244,0.0441639438266221,154,13
1935,0.0222095991328035,0.0500493158160893,155,14
1936,0.0195644411342747,0.0386332323028647,158,14
1937,0.0345730285885979,0.0449190996955232,154,13
1938,0.0403145705391674,0.0443272009942117,157,14
1939,0.0237294993530877,0.0357773081684514,155,14
1940,0.0235988006264566,0.0521756159046204,157,14
1941,0.0223052450720243,0.0474335143401198,160,13
1942,0.014162108406226,0.027054436738232,153,14
1943,0.0164542347656944,0.0380563696544516,156,14
1944,0.0448757366053835,0.0597200040187157,144,13
1945,0.0260425082256336,0.0434595875265882,156,13
1946,0.0258587480608126,0.0413472758328449,159,13
1947,0.0285763170370059,0.038494518671625,161,13
1948,0.0315580913669365,0.0495214235159032,158,14
1949,0.0304432353432791,0.0512239349234977,157,14
1950,0.0242966074275238,0.0326558379497664,150,12
1951,0.0339449980465699,0.0557139041101208,160,12
1952,0.0201127526955305,0.038190504268394,155,13
1953,0.0202831608035062,0.0292489074926736,154,12
1954,0.0386356002083938,0.051740101325134,154,12
1955,0.0101936300304747,0.0195128789581409,156,13
1956,0.0205720028225802,0.0373917151854759,154,13
1957,0.0292274478557873,0.0532003694878018,160,13
1958,0.0329256639380597,0.0429160543255776,157,13
1959,0.0407201474302509,0.0642899395605283,153,14
1960,0.0250251712969389,0.0393489004062636,160,14
1961,0.018504992381141,0.0337391220987963,159,12
1962,0.00532099738344252,0.0181097141679302,153,13
1963,0.0206062116416817,0.0272339238000148,148,12
1964,0.0251990369546182,0.0496671045485319,149,13
1965,0.0311501622282906,0.0419563319268485,157,13
1966,0.0186912440510438,0.0336408246654594,155,13
1967,0.0287617162546418,0.0347782804813322,152,13
1968,0.0139322408048432,0.0338734771822568,161,14
1969,0.018561267356441,0.0256862733210251,165,12
1970,0.0472709766916392,0.0543225289506062,152,13
1971,0.0317871253235019,0.0490442159715783,154,13
1972,0.0326884683704683,0.0547520929736766,159,12
1973,0.0389457699012697,0.044348044718748,149,13
1974,0.0144321210721928,0.0358809952405665,164,13
1975,0.00992916275422847,0.0274791619377609,158,13
1976,0.0288670292302778,0.0389357384486732,149,13
1977,0.0174794845613465,0.0309767554712114,150,13
1978,0.0379547504250067,0.0540545172533613,154,14
1979,0.0361541669759335,0.0413353061410377,145,12
1980,0.0268036414436249,0.0434845509903129,154,13
1981,0.0340009950690875,0.0423456253402338,155,14
1982,0.0263323421374942,0.047564396390697,159,14
1983,0.0263156123755288,0.0419151404368619,154,13
1984,0.0538882649658814,0.0695536666033,150,12
1985,0.0435045358896989,0.0636682695076031,155,13
1986,0.0342068040821569,0.0488227169898476,152,14
1987,0.0312146901955557,0.0359113586743256,153,13
1988,0.0207823319192154,0.0374122559638958,162,12
1989,0.0155902179113684,0.0353199229152422,151,14
1990,0.0192576843982812,0.0540101962508776,160,12
1991,0.018405235010616,0.0403657075139631,154,12
1992,0.0254391490296401,0.0338149678033484,158,14
1993,0.0248485252135227,0.0542154307075079,156,14
1994,0.0340393343299053,0.0464838785142186,148,13
1995,0.0248655297000371,0.044712863859225,154,14
1996,0.0251058942229754,0.0419119967450803,143,15
1997,0.0433644780576563,0.0609704335283503,151,12
1998,0.0371760766467427,0.0494493350078359,163,12
1999,0.0293270564049526,0.0545269059687097,156,14
2000,0.0202472099469185,0.0378888596135497,157,14
